time,rfe,rfe_filled
2020-01-01,.03,.03
2020-01-02,.03,.03
2020-01-03,1.93,1.93
2020-01-04,1.08,1.08
2020-01-05,.46,.46
2020-01-06,1.86,1.86
2020-01-07,4.93,4.93
2020-01-08,1.14,1.14
2020-01-09,.17,.17
2020-01-10,.47,.47
2020-01-11,.37,.37
2020-01-12,1.66,1.66
2020-01-13,2.18,2.18
2020-01-14,.09,.09
2020-01-15,.02,.02
2020-01-16,.66,.66
2020-01-17,.26,.26
2020-01-18,.49,.49
2020-01-19,.47,.47
2020-01-20,.00,.00
2020-01-21,.17,.17
2020-01-22,1.28,1.28
2020-01-23,1.06,1.06
2020-01-24,1.19,1.19
2020-01-25,6.53,6.53
2020-01-26,5.68,5.68
2020-01-27,3.23,3.23
2020-01-28,1.72,1.72
2020-01-29,1.61,1.61
2020-01-30,.53,.53
2020-01-31,1.78,1.78
2020-02-01,7.38,7.38
2020-02-02,2.07,2.07
2020-02-03,1.15,1.15
2020-02-04,.42,.42
2020-02-05,.35,.35
2020-02-06,.72,.72
2020-02-07,.07,.07
2020-02-08,.00,.00
2020-02-09,.00,.00
2020-02-10,.00,.00
2020-02-11,.00,.00
2020-02-12,.19,.19
2020-02-13,1.49,1.49
2020-02-14,.48,.48
2020-02-15,.22,.22
2020-02-16,.16,.16
2020-02-17,.63,.63
2020-02-18,.46,.46
2020-02-19,.17,.17
2020-02-20,.10,.10
2020-02-21,.66,.66
2020-02-22,.49,.49
2020-02-23,.89,.89
2020-02-24,.39,.39
2020-02-25,3.72,3.72
2020-02-26,14.82,14.82
2020-02-27,2.64,2.64
2020-02-28,.51,.51
2020-02-29,1.86,1.86
2020-03-01,10.20,10.20
2020-03-02,12.39,12.39
2020-03-03,5.36,5.36
2020-03-04,13.00,13.00
2020-03-05,3.59,3.59
2020-03-06,1.91,1.91
2020-03-07,2.16,2.16
2020-03-08,6.46,6.46
2020-03-09,16.51,16.51
2020-03-10,7.25,7.25
2020-03-11,5.37,5.37
2020-03-12,.91,.91
2020-03-13,1.11,1.11
2020-03-14,1.35,1.35
2020-03-15,2.40,2.40
2020-03-16,2.41,2.41
2020-03-17,6.04,6.04
2020-03-18,7.47,7.47
2020-03-19,1.21,1.21
2020-03-20,1.32,1.32
2020-03-21,.09,.09
2020-03-22,.35,.35
2020-03-23,2.32,2.32
2020-03-24,3.82,3.82
2020-03-25,6.96,6.96
2020-03-26,19.67,19.67
2020-03-27,6.33,6.33
2020-03-28,11.84,11.84
2020-03-29,1.46,1.46
2020-03-30,2.82,2.82
2020-03-31,.75,.75
2020-04-01,1.88,1.88
2020-04-02,.53,.53
2020-04-03,1.46,1.46
2020-04-04,.48,.48
2020-04-05,.47,.47
2020-04-06,.74,.74
2020-04-07,1.93,1.93
2020-04-08,.89,.89
2020-04-09,.49,.49
2020-04-10,.92,.92
2020-04-11,2.72,2.72
2020-04-12,3.94,3.94
2020-04-13,8.69,8.69
2020-04-14,12.09,12.09
2020-04-15,13.55,13.55
2020-04-16,8.22,8.22
2020-04-17,9.82,9.82
2020-04-18,31.55,31.55
2020-04-19,13.71,13.71
2020-04-20,17.50,17.50
2020-04-21,15.06,15.06
2020-04-22,23.96,23.96
2020-04-23,8.86,8.86
2020-04-24,28.75,28.75
2020-04-25,9.19,9.19
2020-04-26,4.51,4.51
2020-04-27,2.32,2.32
2020-04-28,5.28,5.28
2020-04-29,5.82,5.82
2020-04-30,6.37,6.37
2020-05-01,3.11,3.11
2020-05-02,2.63,2.63
2020-05-03,3.19,3.19
2020-05-04,3.91,3.91
2020-05-05,2.65,2.65
2020-05-06,2.87,2.87
2020-05-07,1.21,1.21
2020-05-08,1.63,1.63
2020-05-09,1.02,1.02
2020-05-10,1.27,1.27
2020-05-11,1.62,1.62
2020-05-12,.26,.26
2020-05-13,.40,.40
2020-05-14,.52,.52
2020-05-15,2.09,2.09
2020-05-16,1.55,1.55
2020-05-17,.49,.49
2020-05-18,.36,.36
2020-05-19,.63,.63
2020-05-20,.54,.54
2020-05-21,.93,.93
2020-05-22,.79,.79
2020-05-23,.51,.51
2020-05-24,.41,.41
2020-05-25,.20,.20
2020-05-26,.42,.42
2020-05-27,.38,.38
2020-05-28,.64,.64
2020-05-29,.17,.17
2020-05-30,.13,.13
2020-05-31,.27,.27
2020-06-01,.15,.15
2020-06-02,.31,.31
2020-06-03,.29,.29
2020-06-04,1.11,1.11
2020-06-05,3.21,3.21
2020-06-06,2.52,2.52
2020-06-07,1.55,1.55
2020-06-08,.85,.85
2020-06-09,1.18,1.18
2020-06-10,.05,.05
2020-06-11,.11,.11
2020-06-12,.86,.86
2020-06-13,1.17,1.17
2020-06-14,1.46,1.46
2020-06-15,1.43,1.43
2020-06-16,.76,.76
2020-06-17,.65,.65
2020-06-18,.45,.45
2020-06-19,.92,.92
2020-06-20,2.52,2.52
2020-06-21,3.17,3.17
2020-06-22,2.42,2.42
2020-06-23,2.57,2.57
2020-06-24,.77,.77
2020-06-25,.33,.33
2020-06-26,.38,.38
2020-06-27,.71,.71
2020-06-28,.46,.46
2020-06-29,.09,.09
2020-06-30,.07,.07
2020-07-01,.10,.10
2020-07-02,1.55,1.55
2020-07-03,4.43,4.43
2020-07-04,2.30,2.30
2020-07-05,.64,.64
2020-07-06,1.27,1.27
2020-07-07,2.86,2.86
2020-07-08,2.87,2.87
2020-07-09,1.20,1.20
2020-07-10,2.41,2.41
2020-07-11,.92,.92
2020-07-12,.83,.83
2020-07-13,1.20,1.20
2020-07-14,1.48,1.48
2020-07-15,3.75,3.75
2020-07-16,4.96,4.96
2020-07-17,7.81,7.81
2020-07-18,.92,.92
2020-07-19,.56,.56
2020-07-20,.77,.77
2020-07-21,3.70,3.70
2020-07-22,1.21,1.21
2020-07-23,.72,.72
2020-07-24,1.74,1.74
2020-07-25,2.03,2.03
2020-07-26,.15,.15
2020-07-27,.38,.38
2020-07-28,.80,.80
2020-07-29,1.09,1.09
2020-07-30,.93,.93
2020-07-31,.76,.76
2020-08-01,.24,.24
2020-08-02,.03,.03
2020-08-03,.04,.04
2020-08-04,.22,.22
2020-08-05,.98,.98
2020-08-06,1.85,1.85
2020-08-07,2.58,2.58
2020-08-08,1.44,1.44
2020-08-09,.38,.38
2020-08-10,.39,.39
2020-08-11,1.67,1.67
2020-08-12,2.70,2.70
2020-08-13,2.04,2.04
2020-08-14,6.00,6.00
2020-08-15,3.97,3.97
2020-08-16,.87,.87
2020-08-17,.71,.71
2020-08-18,1.76,1.76
2020-08-19,1.64,1.64
2020-08-20,.52,.52
2020-08-21,.22,.22
2020-08-22,.59,.59
2020-08-23,.34,.34
2020-08-24,.53,.53
2020-08-25,.96,.96
2020-08-26,.25,.25
2020-08-27,.28,.28
2020-08-28,1.27,1.27
2020-08-29,.60,.60
2020-08-30,1.49,1.49
2020-08-31,.91,.91
2020-09-01,.63,.63
2020-09-02,.04,.04
2020-09-03,.34,.34
2020-09-04,1.26,1.26
2020-09-05,2.73,2.73
2020-09-06,2.37,2.37
2020-09-07,1.59,1.59
2020-09-08,.46,.46
2020-09-09,.21,.21
2020-09-10,.19,.19
2020-09-11,.27,.27
2020-09-12,.36,.36
2020-09-13,.50,.50
2020-09-14,.22,.22
2020-09-15,.29,.29
2020-09-16,.20,.20
2020-09-17,.15,.15
2020-09-18,.05,.05
2020-09-19,1.08,1.08
2020-09-20,.97,.97
2020-09-21,1.05,1.05
2020-09-22,.48,.48
2020-09-23,.30,.30
2020-09-24,1.16,1.16
2020-09-25,1.16,1.16
2020-09-26,1.25,1.25
2020-09-27,1.62,1.62
2020-09-28,.55,.55
2020-09-29,.22,.22
2020-09-30,1.08,1.08
2020-10-01,1.15,1.15
2020-10-02,.03,.03
2020-10-03,.21,.21
2020-10-04,.19,.19
2020-10-05,.57,.57
2020-10-06,1.03,1.03
2020-10-07,.40,.40
2020-10-08,.24,.24
2020-10-09,2.35,2.35
2020-10-10,7.25,7.25
2020-10-11,.66,.66
2020-10-12,2.96,2.96
2020-10-13,5.43,5.43
2020-10-14,1.95,1.95
2020-10-15,.11,.11
2020-10-16,.26,.26
2020-10-17,1.58,1.58
2020-10-18,1.74,1.74
2020-10-19,.66,.66
2020-10-20,.62,.62
2020-10-21,.24,.24
2020-10-22,.48,.48
2020-10-23,.47,.47
2020-10-24,.74,.74
2020-10-25,1.33,1.33
2020-10-26,.37,.37
2020-10-27,1.00,1.00
2020-10-28,5.46,5.46
2020-10-29,3.12,3.12
2020-10-30,2.14,2.14
2020-10-31,.41,.41
2020-11-01,.99,.99
2020-11-02,.85,.85
2020-11-03,1.97,1.97
2020-11-04,2.82,2.82
2020-11-05,1.64,1.64
2020-11-06,2.70,2.70
2020-11-07,2.40,2.40
2020-11-08,8.07,8.07
2020-11-09,5.88,5.88
2020-11-10,5.88,5.88
2020-11-11,2.18,2.18
2020-11-12,2.34,2.34
2020-11-13,1.82,1.82
2020-11-14,.41,.41
2020-11-15,2.44,2.44
2020-11-16,5.21,5.21
2020-11-17,1.83,1.83
2020-11-18,2.49,2.49
2020-11-19,3.19,3.19
2020-11-20,.78,.78
2020-11-21,.17,.17
2020-11-22,.21,.21
2020-11-23,.44,.44
2020-11-24,1.09,1.09
2020-11-25,3.14,3.14
2020-11-26,6.87,6.87
2020-11-27,8.26,8.26
2020-11-28,9.06,9.06
2020-11-29,1.98,1.98
2020-11-30,1.62,1.62
2020-12-01,5.89,5.89
2020-12-02,2.73,2.73
2020-12-03,.65,.65
2020-12-04,.75,.75
2020-12-05,.21,.21
2020-12-06,.35,.35
2020-12-07,3.49,3.49
2020-12-08,2.48,2.48
2020-12-09,.99,.99
2020-12-10,.03,.03
2020-12-11,.37,.37
2020-12-12,.14,.14
2020-12-13,.03,.03
2020-12-14,.01,.01
2020-12-15,.13,.13
2020-12-16,.12,.12
2020-12-17,1.12,1.12
2020-12-18,1.83,1.83
2020-12-19,2.06,2.06
2020-12-20,3.92,3.92
2020-12-21,.95,.95
2020-12-22,.22,.22
2020-12-23,2.82,2.82
2020-12-24,.25,.25
2020-12-25,.26,.26
2020-12-26,.31,.31
2020-12-27,.05,.05
2020-12-28,.01,.01
2020-12-29,.00,.00
2020-12-30,13.75,13.75
2020-12-31,7.64,7.64
2021-01-01,4.24,4.24
2021-01-02,.37,.37
2021-01-03,5.73,5.73
2021-01-04,3.70,3.70
2021-01-05,.09,.09
2021-01-06,1.30,1.30
2021-01-07,.01,.01
2021-01-08,.61,.61
2021-01-09,2.58,2.58
2021-01-10,.36,.36
2021-01-11,.38,.38
2021-01-12,.15,.15
2021-01-13,.27,.27
2021-01-14,.10,.10
2021-01-15,.10,.10
2021-01-16,.04,.04
2021-01-17,.16,.16
2021-01-18,.09,.09
2021-01-19,.23,.23
2021-01-20,.03,.03
2021-01-21,1.38,1.38
2021-01-22,1.91,1.91
2021-01-23,.15,.15
2021-01-24,.06,.06
2021-01-25,.25,.25
2021-01-26,.01,.01
2021-01-27,.00,.00
2021-01-28,.00,.00
2021-01-29,.10,.10
2021-01-30,.40,.40
2021-01-31,.00,.00
2021-02-01,.00,.00
2021-02-02,.00,.00
2021-02-03,.01,.01
2021-02-04,.00,.00
2021-02-05,.11,.11
2021-02-06,.48,.48
2021-02-07,2.49,2.49
2021-02-08,.31,.31
2021-02-09,.75,.75
2021-02-10,1.03,1.03
2021-02-11,1.03,1.03
2021-02-12,1.57,1.57
2021-02-13,1.92,1.92
2021-02-14,1.21,1.21
2021-02-15,.38,.38
2021-02-16,.82,.82
2021-02-17,.35,.35
2021-02-18,1.80,1.80
2021-02-19,.57,.57
2021-02-20,1.82,1.82
2021-02-21,6.40,6.40
2021-02-22,10.02,10.02
2021-02-23,3.21,3.21
2021-02-24,2.28,2.28
2021-02-25,.22,.22
2021-02-26,.00,.00
2021-02-27,.05,.05
2021-02-28,1.30,1.30
2021-03-01,.08,.08
2021-03-02,.06,.06
2021-03-03,.15,.15
2021-03-04,.81,.81
2021-03-05,1.13,1.13
2021-03-06,.27,.27
2021-03-07,.19,.19
2021-03-08,.53,.53
2021-03-09,.47,.47
2021-03-10,1.05,1.05
2021-03-11,.00,.00
2021-03-12,.00,.00
2021-03-13,.01,.01
2021-03-14,.12,.12
2021-03-15,.92,.92
2021-03-16,.26,.26
2021-03-17,.71,.71
2021-03-18,2.35,2.35
2021-03-19,2.70,2.70
2021-03-20,1.73,1.73
2021-03-21,.53,.53
2021-03-22,1.76,1.76
2021-03-23,1.81,1.81
2021-03-24,.39,.39
2021-03-25,.01,.01
2021-03-26,2.35,2.35
2021-03-27,4.48,4.48
2021-03-28,1.43,1.43
2021-03-29,1.61,1.61
2021-03-30,1.32,1.32
2021-03-31,1.53,1.53
2021-04-01,.94,.94
2021-04-02,1.54,1.54
2021-04-03,5.77,5.77
2021-04-04,12.01,12.01
2021-04-05,7.79,7.79
2021-04-06,3.60,3.60
2021-04-07,1.81,1.81
2021-04-08,1.25,1.25
2021-04-09,1.37,1.37
2021-04-10,3.00,3.00
2021-04-11,3.43,3.43
2021-04-12,5.66,5.66
2021-04-13,2.97,2.97
2021-04-14,2.05,2.05
2021-04-15,1.84,1.84
2021-04-16,2.28,2.28
2021-04-17,3.68,3.68
2021-04-18,4.25,4.25
2021-04-19,1.08,1.08
2021-04-20,2.56,2.56
2021-04-21,7.25,7.25
2021-04-22,11.73,11.73
2021-04-23,3.43,3.43
2021-04-24,3.83,3.83
2021-04-25,3.13,3.13
2021-04-26,4.16,4.16
2021-04-27,2.07,2.07
2021-04-28,2.07,2.07
2021-04-29,2.27,2.27
2021-04-30,1.10,1.10
2021-05-01,.75,.75
2021-05-02,2.72,2.72
2021-05-03,6.14,6.14
2021-05-04,2.17,2.17
2021-05-05,3.13,3.13
2021-05-06,4.05,4.05
2021-05-07,8.72,8.72
2021-05-08,8.89,8.89
2021-05-09,7.87,7.87
2021-05-10,12.76,12.76
2021-05-11,10.90,10.90
2021-05-12,6.56,6.56
2021-05-13,2.03,2.03
2021-05-14,.60,.60
2021-05-15,.17,.17
2021-05-16,.47,.47
2021-05-17,.29,.29
2021-05-18,.16,.16
2021-05-19,.86,.86
2021-05-20,.24,.24
2021-05-21,.11,.11
2021-05-22,.44,.44
2021-05-23,.14,.14
2021-05-24,.45,.45
2021-05-25,.42,.42
2021-05-26,.35,.35
2021-05-27,.00,.00
2021-05-28,.00,.00
2021-05-29,.31,.31
2021-05-30,1.43,1.43
2021-05-31,.00,.00
2021-06-01,.08,.08
2021-06-02,.07,.07
2021-06-03,.99,.99
2021-06-04,1.74,1.74
2021-06-05,.32,.32
2021-06-06,.15,.15
2021-06-07,.00,.00
2021-06-08,.00,.00
2021-06-09,.02,.02
2021-06-10,.04,.04
2021-06-11,.07,.07
2021-06-12,.40,.40
2021-06-13,.09,.09
2021-06-14,.08,.08
2021-06-15,.60,.60
2021-06-16,.29,.29
2021-06-17,.79,.79
2021-06-18,.61,.61
2021-06-19,.37,.37
2021-06-20,.39,.39
2021-06-21,.64,.64
2021-06-22,.01,.01
2021-06-23,.01,.01
2021-06-24,.11,.11
2021-06-25,.65,.65
2021-06-26,2.13,2.13
2021-06-27,.08,.08
2021-06-28,.06,.06
2021-06-29,.06,.06
2021-06-30,.22,.22
2021-07-01,1.11,1.11
2021-07-02,.81,.81
2021-07-03,.99,.99
2021-07-04,.41,.41
2021-07-05,.26,.26
2021-07-06,1.28,1.28
2021-07-07,.99,.99
2021-07-08,1.46,1.46
2021-07-09,.47,.47
2021-07-10,.13,.13
2021-07-11,.40,.40
2021-07-12,.01,.01
2021-07-13,.17,.17
2021-07-14,2.14,2.14
2021-07-15,.45,.45
2021-07-16,.66,.66
2021-07-17,1.97,1.97
2021-07-18,.32,.32
2021-07-19,.12,.12
2021-07-20,1.23,1.23
2021-07-21,.52,.52
2021-07-22,.16,.16
2021-07-23,.77,.77
2021-07-24,.26,.26
2021-07-25,.19,.19
2021-07-26,.01,.01
2021-07-27,.07,.07
2021-07-28,.01,.01
2021-07-29,.37,.37
2021-07-30,.13,.13
2021-07-31,.11,.11
2021-08-01,.15,.15
2021-08-02,.00,.00
2021-08-03,.53,.53
2021-08-04,.68,.68
2021-08-05,.37,.37
2021-08-06,.39,.39
2021-08-07,.24,.24
2021-08-08,1.46,1.46
2021-08-09,1.25,1.25
2021-08-10,1.63,1.63
2021-08-11,.79,.79
2021-08-12,.54,.54
2021-08-13,.95,.95
2021-08-14,1.17,1.17
2021-08-15,.35,.35
2021-08-16,.19,.19
2021-08-17,.16,.16
2021-08-18,.26,.26
2021-08-19,.66,.66
2021-08-20,.95,.95
2021-08-21,.75,.75
2021-08-22,.30,.30
2021-08-23,.12,.12
2021-08-24,.07,.07
2021-08-25,.02,.02
2021-08-26,.05,.05
2021-08-27,.30,.30
2021-08-28,.07,.07
2021-08-29,.64,.64
2021-08-30,1.82,1.82
2021-08-31,2.08,2.08
2021-09-01,1.94,1.94
2021-09-02,.42,.42
2021-09-03,.11,.11
2021-09-04,.18,.18
2021-09-05,.91,.91
2021-09-06,1.09,1.09
2021-09-07,.09,.09
2021-09-08,.49,.49
2021-09-09,1.42,1.42
2021-09-10,.35,.35
2021-09-11,.15,.15
2021-09-12,.09,.09
2021-09-13,.11,.11
2021-09-14,.89,.89
2021-09-15,1.87,1.87
2021-09-16,.85,.85
2021-09-17,2.43,2.43
2021-09-18,3.12,3.12
2021-09-19,1.09,1.09
2021-09-20,.73,.73
2021-09-21,1.21,1.21
2021-09-22,1.01,1.01
2021-09-23,.26,.26
2021-09-24,.79,.79
2021-09-25,.95,.95
2021-09-26,.67,.67
2021-09-27,.25,.25
2021-09-28,.14,.14
2021-09-29,.53,.53
2021-09-30,1.20,1.20
2021-10-01,1.08,1.08
2021-10-02,1.48,1.48
2021-10-03,1.32,1.32
2021-10-04,1.36,1.36
2021-10-05,.86,.86
2021-10-06,.46,.46
2021-10-07,.98,.98
2021-10-08,.34,.34
2021-10-09,2.15,2.15
2021-10-10,.80,.80
2021-10-11,1.73,1.73
2021-10-12,1.12,1.12
2021-10-13,.39,.39
2021-10-14,.27,.27
2021-10-15,.02,.02
2021-10-16,.25,.25
2021-10-17,.82,.82
2021-10-18,.24,.24
2021-10-19,.54,.54
2021-10-20,.16,.16
2021-10-21,.18,.18
2021-10-22,.23,.23
2021-10-23,.18,.18
2021-10-24,.11,.11
2021-10-25,.25,.25
2021-10-26,.32,.32
2021-10-27,.63,.63
2021-10-28,.50,.50
2021-10-29,.59,.59
2021-10-30,1.33,1.33
2021-10-31,.21,.21
2021-11-01,.54,.54
2021-11-02,1.53,1.53
2021-11-03,1.69,1.69
2021-11-04,1.27,1.27
2021-11-05,.84,.84
2021-11-06,.51,.51
2021-11-07,1.32,1.32
2021-11-08,.72,.72
2021-11-09,.48,.48
2021-11-10,.57,.57
2021-11-11,.29,.29
2021-11-12,.60,.60
2021-11-13,.57,.57
2021-11-14,1.31,1.31
2021-11-15,.39,.39
2021-11-16,.51,.51
2021-11-17,.18,.18
2021-11-18,.87,.87
2021-11-19,.32,.32
2021-11-20,1.67,1.67
2021-11-21,1.02,1.02
2021-11-22,.40,.40
2021-11-23,.64,.64
2021-11-24,.79,.79
2021-11-25,4.67,4.67
2021-11-26,8.09,8.09
2021-11-27,11.04,11.04
2021-11-28,5.00,5.00
2021-11-29,5.72,5.72
2021-11-30,2.35,2.35
2021-12-01,.94,.94
2021-12-02,1.43,1.43
2021-12-03,.67,.67
2021-12-04,.69,.69
2021-12-05,.15,.15
2021-12-06,.12,.12
2021-12-07,.29,.29
2021-12-08,2.09,2.09
2021-12-09,2.08,2.08
2021-12-10,.47,.47
2021-12-11,.04,.04
2021-12-12,.02,.02
2021-12-13,1.54,1.54
2021-12-14,1.31,1.31
2021-12-15,1.71,1.71
2021-12-16,1.75,1.75
2021-12-17,.86,.86
2021-12-18,3.19,3.19
2021-12-19,2.62,2.62
2021-12-20,7.70,7.70
2021-12-21,10.33,10.33
2021-12-22,3.72,3.72
2021-12-23,2.24,2.24
2021-12-24,5.47,5.47
2021-12-25,5.99,5.99
2021-12-26,3.26,3.26
2021-12-27,.95,.95
2021-12-28,4.76,4.76
2021-12-29,.94,.94
2021-12-30,.46,.46
2021-12-31,.21,.21
2022-01-01,.62,.62
2022-01-02,.18,.18
2022-01-03,.00,.00
2022-01-04,3.03,3.03
2022-01-05,7.29,7.29
2022-01-06,.75,.75
2022-01-07,.09,.09
2022-01-08,.00,.00
2022-01-09,.02,.02
2022-01-10,.15,.15
2022-01-11,.11,.11
2022-01-12,.00,.00
2022-01-13,.00,.00
2022-01-14,.15,.15
2022-01-15,.86,.86
2022-01-16,1.30,1.30
2022-01-17,5.74,5.74
2022-01-18,2.96,2.96
2022-01-19,1.25,1.25
2022-01-20,1.30,1.30
2022-01-21,6.55,6.55
2022-01-22,1.74,1.74
2022-01-23,.60,.60
2022-01-24,.08,.08
2022-01-25,.00,.00
2022-01-26,.00,.00
2022-01-27,.04,.04
2022-01-28,.15,.15
2022-01-29,.55,.55
2022-01-30,.67,.67
2022-01-31,.20,.20
2022-02-01,1.97,1.97
2022-02-02,3.62,3.62
2022-02-03,.96,.96
2022-02-04,.33,.33
2022-02-05,4.16,4.16
2022-02-06,1.35,1.35
2022-02-07,.89,.89
2022-02-08,.35,.35
2022-02-09,.35,.35
2022-02-10,.18,.18
2022-02-11,.32,.32
2022-02-12,1.42,1.42
2022-02-13,.26,.26
2022-02-14,1.23,1.23
2022-02-15,.81,.81
2022-02-16,1.08,1.08
2022-02-17,1.60,1.60
2022-02-18,3.34,3.34
2022-02-19,2.95,2.95
2022-02-20,1.59,1.59
2022-02-21,1.00,1.00
2022-02-22,2.81,2.81
2022-02-23,6.69,6.69
2022-02-24,10.29,10.29
2022-02-25,1.74,1.74
2022-02-26,.78,.78
2022-02-27,.01,.01
2022-02-28,.22,.22
2022-03-01,.37,.37
2022-03-02,.02,.02
2022-03-03,.00,.00
2022-03-04,.00,.00
2022-03-05,.00,.00
2022-03-06,.00,.00
2022-03-07,.21,.21
2022-03-08,.10,.10
2022-03-09,.26,.26
2022-03-10,.15,.15
2022-03-11,.00,.00
2022-03-12,.00,.00
2022-03-13,.03,.03
2022-03-14,.56,.56
2022-03-15,.12,.12
2022-03-16,.32,.32
2022-03-17,1.11,1.11
2022-03-18,.23,.23
2022-03-19,.12,.12
2022-03-20,.17,.17
2022-03-21,.19,.19
2022-03-22,.57,.57
2022-03-23,.31,.31
2022-03-24,2.14,2.14
2022-03-25,6.98,6.98
2022-03-26,2.31,2.31
2022-03-27,1.19,1.19
2022-03-28,1.31,1.31
2022-03-29,1.62,1.62
2022-03-30,1.18,1.18
2022-03-31,.64,.64
2022-04-01,2.48,2.48
2022-04-02,.25,.25
2022-04-03,.19,.19
2022-04-04,.47,.47
2022-04-05,1.73,1.73
2022-04-06,.85,.85
2022-04-07,.26,.26
2022-04-08,.30,.30
2022-04-09,.14,.14
2022-04-10,.38,.38
2022-04-11,5.22,5.22
2022-04-12,2.94,2.94
2022-04-13,2.67,2.67
2022-04-14,3.48,3.48
2022-04-15,4.31,4.31
2022-04-16,15.10,15.10
2022-04-17,10.61,10.61
2022-04-18,5.30,5.30
2022-04-19,2.05,2.05
2022-04-20,9.93,9.93
2022-04-21,6.44,6.44
2022-04-22,7.65,7.65
2022-04-23,4.16,4.16
2022-04-24,1.90,1.90
2022-04-25,2.37,2.37
2022-04-26,4.29,4.29
2022-04-27,10.56,10.56
2022-04-28,9.30,9.30
2022-04-29,2.08,2.08
2022-04-30,4.02,4.02
2022-05-01,11.85,11.85
2022-05-02,3.73,3.73
2022-05-03,6.08,6.08
2022-05-04,2.36,2.36
2022-05-05,.93,.93
2022-05-06,1.72,1.72
2022-05-07,.55,.55
2022-05-08,1.17,1.17
2022-05-09,.84,.84
2022-05-10,.71,.71
2022-05-11,.36,.36
2022-05-12,.09,.09
2022-05-13,.12,.12
2022-05-14,.14,.14
2022-05-15,.04,.04
2022-05-16,.00,.00
2022-05-17,.20,.20
2022-05-18,.53,.53
2022-05-19,.51,.51
2022-05-20,.08,.08
2022-05-21,.07,.07
2022-05-22,.61,.61
2022-05-23,1.21,1.21
2022-05-24,1.54,1.54
2022-05-25,1.54,1.54
2022-05-26,2.21,2.21
2022-05-27,3.12,3.12
2022-05-28,2.71,2.71
2022-05-29,2.96,2.96
2022-05-30,.44,.44
2022-05-31,.50,.50
2022-06-01,.32,.32
2022-06-02,.14,.14
2022-06-03,.02,.02
2022-06-04,.03,.03
2022-06-05,.28,.28
2022-06-06,.17,.17
2022-06-07,1.08,1.08
2022-06-08,.49,.49
2022-06-09,.58,.58
2022-06-10,.17,.17
2022-06-11,.34,.34
2022-06-12,.43,.43
2022-06-13,.39,.39
2022-06-14,.23,.23
2022-06-15,.40,.40
2022-06-16,.08,.08
2022-06-17,.00,.00
2022-06-18,.31,.31
2022-06-19,.82,.82
2022-06-20,.79,.79
2022-06-21,.41,.41
2022-06-22,.69,.69
2022-06-23,2.29,2.29
2022-06-24,.66,.66
2022-06-25,.08,.08
2022-06-26,.67,.67
2022-06-27,.17,.17
2022-06-28,.36,.36
2022-06-29,.11,.11
2022-06-30,.05,.05
2022-07-01,.79,.79
2022-07-02,.25,.25
2022-07-03,.34,.34
2022-07-04,.17,.17
2022-07-05,.18,.18
2022-07-06,.89,.89
2022-07-07,.03,.03
2022-07-08,.19,.19
2022-07-09,.04,.04
2022-07-10,.15,.15
2022-07-11,.35,.35
2022-07-12,.33,.33
2022-07-13,.12,.12
2022-07-14,.08,.08
2022-07-15,.78,.78
2022-07-16,.46,.46
2022-07-17,.79,.79
2022-07-18,.14,.14
2022-07-19,.37,.37
2022-07-20,.15,.15
2022-07-21,.45,.45
2022-07-22,.23,.23
2022-07-23,.38,.38
2022-07-24,.24,.24
2022-07-25,.18,.18
2022-07-26,.11,.11
2022-07-27,.02,.02
2022-07-28,.11,.11
2022-07-29,.80,.80
2022-07-30,.92,.92
2022-07-31,1.35,1.35
2022-08-01,4.22,4.22
2022-08-02,.30,.30
2022-08-03,.10,.10
2022-08-04,.33,.33
2022-08-05,.30,.30
2022-08-06,.37,.37
2022-08-07,.01,.01
2022-08-08,.00,.00
2022-08-09,.00,.00
2022-08-10,.16,.16
2022-08-11,.29,.29
2022-08-12,.11,.11
2022-08-13,.06,.06
2022-08-14,2.04,2.04
2022-08-15,1.61,1.61
2022-08-16,2.73,2.73
2022-08-17,.95,.95
2022-08-18,.31,.31
2022-08-19,.39,.39
2022-08-20,.90,.90
2022-08-21,1.51,1.51
2022-08-22,.23,.23
2022-08-23,.68,.68
2022-08-24,.58,.58
2022-08-25,.53,.53
2022-08-26,.49,.49
2022-08-27,.47,.47
2022-08-28,.99,.99
2022-08-29,1.38,1.38
2022-08-30,2.33,2.33
2022-08-31,2.09,2.09
2022-09-01,.42,.42
2022-09-02,.47,.47
2022-09-03,.87,.87
2022-09-04,1.50,1.50
2022-09-05,1.78,1.78
2022-09-06,2.74,2.74
2022-09-07,3.37,3.37
2022-09-08,.07,.07
2022-09-09,.56,.56
2022-09-10,.33,.33
2022-09-11,.48,.48
2022-09-12,.83,.83
2022-09-13,1.44,1.44
2022-09-14,.84,.84
2022-09-15,.29,.29
2022-09-16,.19,.19
2022-09-17,.73,.73
2022-09-18,.19,.19
2022-09-19,.41,.41
2022-09-20,.10,.10
2022-09-21,.16,.16
2022-09-22,.17,.17
2022-09-23,.28,.28
2022-09-24,.18,.18
2022-09-25,.89,.89
2022-09-26,.10,.10
2022-09-27,.10,.10
2022-09-28,.19,.19
2022-09-29,.74,.74
2022-09-30,1.57,1.57
2022-10-01,.66,.66
2022-10-02,.16,.16
2022-10-03,1.52,1.52
2022-10-04,1.69,1.69
2022-10-05,.74,.74
2022-10-06,.53,.53
2022-10-07,.18,.18
2022-10-08,2.17,2.17
2022-10-09,1.15,1.15
2022-10-10,.23,.23
2022-10-11,.12,.12
2022-10-12,.21,.21
2022-10-13,.11,.11
2022-10-14,2.36,2.36
2022-10-15,1.75,1.75
2022-10-16,5.64,5.64
2022-10-17,4.21,4.21
2022-10-18,1.11,1.11
2022-10-19,1.09,1.09
2022-10-20,.78,.78
2022-10-21,1.46,1.46
2022-10-22,.22,.22
2022-10-23,.01,.01
2022-10-24,.01,.01
2022-10-25,.04,.04
2022-10-26,2.10,2.10
2022-10-27,1.11,1.11
2022-10-28,.73,.73
2022-10-29,.64,.64
2022-10-30,.60,.60
2022-10-31,3.45,3.45
2022-11-01,3.44,3.44
2022-11-02,4.13,4.13
2022-11-03,4.15,4.15
2022-11-04,2.38,2.38
2022-11-05,.84,.84
2022-11-06,2.47,2.47
2022-11-07,1.69,1.69
2022-11-08,2.37,2.37
2022-11-09,1.24,1.24
2022-11-10,3.16,3.16
2022-11-11,1.91,1.91
2022-11-12,5.06,5.06
2022-11-13,8.56,8.56
2022-11-14,6.52,6.52
2022-11-15,5.74,5.74
2022-11-16,6.07,6.07
2022-11-17,1.12,1.12
2022-11-18,.82,.82
2022-11-19,3.13,3.13
2022-11-20,.91,.91
2022-11-21,2.41,2.41
2022-11-22,4.06,4.06
2022-11-23,3.46,3.46
2022-11-24,.42,.42
2022-11-25,.21,.21
2022-11-26,1.32,1.32
2022-11-27,7.39,7.39
2022-11-28,3.99,3.99
2022-11-29,2.04,2.04
2022-11-30,1.32,1.32
2022-12-01,.45,.45
2022-12-02,.37,.37
2022-12-03,1.40,1.40
2022-12-04,.49,.49
2022-12-05,.91,.91
2022-12-06,.69,.69
2022-12-07,.18,.18
2022-12-08,3.52,3.52
2022-12-09,3.99,3.99
2022-12-10,5.15,5.15
2022-12-11,5.94,5.94
2022-12-12,3.18,3.18
2022-12-13,1.18,1.18
2022-12-14,.43,.43
2022-12-15,.38,.38
2022-12-16,.90,.90
2022-12-17,.45,.45
2022-12-18,.67,.67
2022-12-19,.92,.92
2022-12-20,.74,.74
2022-12-21,.58,.58
2022-12-22,.56,.56
2022-12-23,.44,.44
2022-12-24,.55,.55
2022-12-25,.29,.29
2022-12-26,1.92,1.92
2022-12-27,3.14,3.14
2022-12-28,.67,.67
2022-12-29,.19,.19
2022-12-30,.02,.02
2022-12-31,.40,.40
2023-01-01,.71,.71
2023-01-02,.92,.92
2023-01-03,1.40,1.40
2023-01-04,2.96,2.96
2023-01-05,.01,.01
2023-01-06,.00,.00
2023-01-07,.00,.00
2023-01-08,.24,.24
2023-01-09,.34,.34
2023-01-10,.29,.29
2023-01-11,.46,.46
2023-01-12,.16,.16
2023-01-13,.01,.01
2023-01-14,.00,.00
2023-01-15,.01,.01
2023-01-16,.02,.02
2023-01-17,.00,.00
2023-01-18,.01,.01
2023-01-19,.03,.03
2023-01-20,.01,.01
2023-01-21,.23,.23
2023-01-22,3.13,3.13
2023-01-23,.22,.22
2023-01-24,.07,.07
2023-01-25,.00,.00
2023-01-26,.02,.02
2023-01-27,.00,.00
2023-01-28,.00,.00
2023-01-29,.00,.00
2023-01-30,.00,.00
2023-01-31,.01,.01
2023-02-01,.04,.04
2023-02-02,.03,.03
2023-02-03,.05,.05
2023-02-04,.00,.00
2023-02-05,.02,.02
2023-02-06,.01,.01
2023-02-07,.06,.06
2023-02-08,.20,.20
2023-02-09,.19,.19
2023-02-10,.03,.03
2023-02-11,.02,.02
2023-02-12,.00,.00
2023-02-13,.00,.00
2023-02-14,.00,.00
2023-02-15,.03,.03
2023-02-16,.15,.15
2023-02-17,.09,.09
2023-02-18,.00,.00
2023-02-19,.00,.00
2023-02-20,.00,.00
2023-02-21,.01,.01
2023-02-22,.06,.06
2023-02-23,.04,.04
2023-02-24,.09,.09
2023-02-25,.90,.90
2023-02-26,.35,.35
2023-02-27,.91,.91
2023-02-28,.59,.59
2023-03-01,.98,.98
2023-03-02,.85,.85
2023-03-03,.71,.71
2023-03-04,.26,.26
2023-03-05,.00,.00
2023-03-06,.00,.00
2023-03-07,.00,.00
2023-03-08,.00,.00
2023-03-09,.52,.52
2023-03-10,1.33,1.33
2023-03-11,1.03,1.03
2023-03-12,1.34,1.34
2023-03-13,2.85,2.85
2023-03-14,11.24,11.24
2023-03-15,17.63,17.63
2023-03-16,4.82,4.82
2023-03-17,4.15,4.15
2023-03-18,2.94,2.94
2023-03-19,1.79,1.79
2023-03-20,15.83,15.83
2023-03-21,7.34,7.34
2023-03-22,8.50,8.50
2023-03-23,14.47,14.47
2023-03-24,4.62,4.62
2023-03-25,16.48,16.48
2023-03-26,12.59,12.59
2023-03-27,1.55,1.55
2023-03-28,3.26,3.26
2023-03-29,1.81,1.81
2023-03-30,1.08,1.08
2023-03-31,1.31,1.31
2023-04-01,.97,.97
2023-04-02,6.18,6.18
2023-04-03,17.44,17.44
2023-04-04,2.97,2.97
2023-04-05,3.40,3.40
2023-04-06,2.07,2.07
2023-04-07,1.76,1.76
2023-04-08,1.56,1.56
2023-04-09,.52,.52
2023-04-10,1.22,1.22
2023-04-11,1.39,1.39
2023-04-12,6.74,6.74
2023-04-13,10.60,10.60
2023-04-14,2.52,2.52
2023-04-15,4.08,4.08
2023-04-16,5.93,5.93
2023-04-17,4.21,4.21
2023-04-18,5.77,5.77
2023-04-19,2.56,2.56
2023-04-20,1.64,1.64
2023-04-21,4.24,4.24
2023-04-22,24.72,24.72
2023-04-23,4.25,4.25
2023-04-24,9.80,9.80
2023-04-25,28.91,28.91
2023-04-26,6.22,6.22
2023-04-27,6.32,6.32
2023-04-28,9.60,9.60
2023-04-29,7.94,7.94
2023-04-30,20.32,20.32
2023-05-01,10.87,10.87
2023-05-02,4.98,4.98
2023-05-03,3.41,3.41
2023-05-04,.44,.44
2023-05-05,.73,.73
2023-05-06,.51,.51
2023-05-07,.43,.43
2023-05-08,.51,.51
2023-05-09,.37,.37
2023-05-10,.47,.47
2023-05-11,1.17,1.17
2023-05-12,.12,.12
2023-05-13,.10,.10
2023-05-14,.29,.29
2023-05-15,.44,.44
2023-05-16,.69,.69
2023-05-17,.70,.70
2023-05-18,.24,.24
2023-05-19,.39,.39
2023-05-20,.57,.57
2023-05-21,1.90,1.90
2023-05-22,.94,.94
2023-05-23,1.12,1.12
2023-05-24,.74,.74
2023-05-25,.79,.79
2023-05-26,.55,.55
2023-05-27,2.46,2.46
2023-05-28,1.61,1.61
2023-05-29,.04,.04
2023-05-30,.57,.57
2023-05-31,.42,.42
2023-06-01,.16,.16
2023-06-02,.44,.44
2023-06-03,.33,.33
2023-06-04,.24,.24
2023-06-05,.10,.10
2023-06-06,.42,.42
2023-06-07,.29,.29
2023-06-08,.17,.17
2023-06-09,.19,.19
2023-06-10,.62,.62
2023-06-11,.42,.42
2023-06-12,.75,.75
2023-06-13,.78,.78
2023-06-14,6.69,6.69
2023-06-15,.85,.85
2023-06-16,1.51,1.51
2023-06-17,.82,.82
2023-06-18,.41,.41
2023-06-19,.70,.70
2023-06-20,.67,.67
2023-06-21,.42,.42
2023-06-22,.58,.58
2023-06-23,1.41,1.41
2023-06-24,.26,.26
2023-06-25,.93,.93
2023-06-26,.43,.43
2023-06-27,1.87,1.87
2023-06-28,1.27,1.27
2023-06-29,.38,.38
2023-06-30,.36,.36
2023-07-01,.86,.86
2023-07-02,.65,.65
2023-07-03,.73,.73
2023-07-04,.39,.39
2023-07-05,.26,.26
2023-07-06,.63,.63
2023-07-07,.06,.06
2023-07-08,.10,.10
2023-07-09,.00,.00
2023-07-10,.08,.08
2023-07-11,.14,.14
2023-07-12,.31,.31
2023-07-13,.08,.08
2023-07-14,.05,.05
2023-07-15,.02,.02
2023-07-16,.26,.26
2023-07-17,.06,.06
2023-07-18,.09,.09
2023-07-19,.11,.11
2023-07-20,.38,.38
2023-07-21,.21,.21
2023-07-22,.03,.03
2023-07-23,.08,.08
2023-07-24,.46,.46
2023-07-25,.07,.07
2023-07-26,.34,.34
2023-07-27,.79,.79
2023-07-28,.08,.08
2023-07-29,.38,.38
2023-07-30,.34,.34
2023-07-31,1.47,1.47
2023-08-01,3.10,3.10
2023-08-02,.24,.24
2023-08-03,.33,.33
2023-08-04,.15,.15
2023-08-05,.39,.39
2023-08-06,.19,.19
2023-08-07,.06,.06
2023-08-08,.09,.09
2023-08-09,.65,.65
2023-08-10,.96,.96
2023-08-11,.65,.65
2023-08-12,.33,.33
2023-08-13,.25,.25
2023-08-14,.00,.00
2023-08-15,.00,.00
2023-08-16,.23,.23
2023-08-17,.63,.63
2023-08-18,.10,.10
2023-08-19,.01,.01
2023-08-20,.00,.00
2023-08-21,.02,.02
2023-08-22,.32,.32
2023-08-23,.03,.03
2023-08-24,.14,.14
2023-08-25,.00,.00
2023-08-26,.01,.01
2023-08-27,.03,.03
2023-08-28,.30,.30
2023-08-29,.16,.16
2023-08-30,.23,.23
2023-08-31,.29,.29
2023-09-01,.02,.02
2023-09-02,.19,.19
2023-09-03,.09,.09
2023-09-04,.14,.14
2023-09-05,.39,.39
2023-09-06,1.12,1.12
2023-09-07,1.77,1.77
2023-09-08,1.66,1.66
2023-09-09,.44,.44
2023-09-10,2.12,2.12
2023-09-11,1.02,1.02
2023-09-12,1.68,1.68
2023-09-13,1.12,1.12
2023-09-14,1.48,1.48
2023-09-15,.55,.55
2023-09-16,.51,.51
2023-09-17,.82,.82
2023-09-18,.55,.55
2023-09-19,.87,.87
2023-09-20,1.44,1.44
2023-09-21,1.09,1.09
2023-09-22,.26,.26
2023-09-23,.17,.17
2023-09-24,.66,.66
2023-09-25,.95,.95
2023-09-26,1.68,1.68
2023-09-27,1.29,1.29
2023-09-28,.18,.18
2023-09-29,.20,.20
2023-09-30,.44,.44
2023-10-01,1.40,1.40
2023-10-02,.27,.27
2023-10-03,.32,.32
2023-10-04,.55,.55
2023-10-05,.00,.00
2023-10-06,.05,.05
2023-10-07,.03,.03
2023-10-08,.16,.16
2023-10-09,.61,.61
2023-10-10,.83,.83
2023-10-11,2.34,2.34
2023-10-12,.92,.92
2023-10-13,4.05,4.05
2023-10-14,.88,.88
2023-10-15,7.35,7.35
2023-10-16,6.36,6.36
2023-10-17,5.18,5.18
2023-10-18,5.60,5.60
2023-10-19,2.18,2.18
2023-10-20,1.58,1.58
2023-10-21,6.13,6.13
2023-10-22,.61,.61
2023-10-23,.15,.15
2023-10-24,1.43,1.43
2023-10-25,1.91,1.91
2023-10-26,1.61,1.61
2023-10-27,2.71,2.71
2023-10-28,8.37,8.37
2023-10-29,12.83,12.83
2023-10-30,7.19,7.19
2023-10-31,1.45,1.45
2023-11-01,5.80,5.80
2023-11-02,11.33,11.33
2023-11-03,25.01,25.01
2023-11-04,4.65,4.65
2023-11-05,10.72,10.72
2023-11-06,15.02,15.02
2023-11-07,13.51,13.51
2023-11-08,7.06,7.06
2023-11-09,1.05,1.05
2023-11-10,3.62,3.62
2023-11-11,1.78,1.78
2023-11-12,8.24,8.24
2023-11-13,13.49,13.49
2023-11-14,4.45,4.45
2023-11-15,3.93,3.93
2023-11-16,4.08,4.08
2023-11-17,4.34,4.34
2023-11-18,6.35,6.35
2023-11-19,9.37,9.37
2023-11-20,2.83,2.83
2023-11-21,4.19,4.19
2023-11-22,7.41,7.41
2023-11-23,7.77,7.77
2023-11-24,5.82,5.82
2023-11-25,9.38,9.38
2023-11-26,4.24,4.24
2023-11-27,4.91,4.91
2023-11-28,1.63,1.63
2023-11-29,.91,.91
2023-11-30,.95,.95
2023-12-01,.64,.64
2023-12-02,3.01,3.01
2023-12-03,1.46,1.46
2023-12-04,.14,.14
2023-12-05,.97,.97
2023-12-06,.43,.43
2023-12-07,.39,.39
2023-12-08,.48,.48
2023-12-09,.50,.50
2023-12-10,1.00,1.00
2023-12-11,.54,.54
2023-12-12,.78,.78
2023-12-13,2.77,2.77
2023-12-14,3.44,3.44
2023-12-15,3.64,3.64
2023-12-16,.38,.38
2023-12-17,.07,.07
2023-12-18,.09,.09
2023-12-19,.09,.09
2023-12-20,.12,.12
2023-12-21,.52,.52
2023-12-22,3.43,3.43
2023-12-23,1.11,1.11
2023-12-24,.69,.69
2023-12-25,1.32,1.32
2023-12-26,.59,.59
2023-12-27,.85,.85
2023-12-28,5.99,5.99
2023-12-29,5.23,5.23
2023-12-30,4.34,4.34
2023-12-31,1.42,1.42
2024-01-01,2.09,2.09
2024-01-02,1.41,1.41
2024-01-03,.88,.88
2024-01-04,5.30,5.30
2024-01-05,5.27,5.27
2024-01-06,1.35,1.35
2024-01-07,.63,.63
2024-01-08,.25,.25
2024-01-09,.14,.14
2024-01-10,.04,.04
2024-01-11,.08,.08
2024-01-12,.96,.96
2024-01-13,.35,.35
2024-01-14,.44,.44
2024-01-15,.58,.58
2024-01-16,.55,.55
2024-01-17,4.09,4.09
2024-01-18,4.03,4.03
2024-01-19,1.13,1.13
2024-01-20,1.72,1.72
2024-01-21,.54,.54
2024-01-22,.15,.15
2024-01-23,.14,.14
2024-01-24,.24,.24
2024-01-25,.43,.43
2024-01-26,.86,.86
2024-01-27,.16,.16
2024-01-28,.01,.01
2024-01-29,.28,.28
2024-01-30,1.38,1.38
2024-01-31,.51,.51
2024-02-01,3.05,3.05
2024-02-02,2.64,2.64
2024-02-03,.63,.63
2024-02-04,.27,.27
2024-02-05,.22,.22
2024-02-06,.03,.03
2024-02-07,.07,.07
2024-02-08,.14,.14
2024-02-09,.29,.29
2024-02-10,1.01,1.01
2024-02-11,.12,.12
2024-02-12,.09,.09
2024-02-13,.29,.29
2024-02-14,.73,.73
2024-02-15,.04,.04
2024-02-16,.00,.00
2024-02-17,.13,.13
2024-02-18,.73,.73
2024-02-19,2.52,2.52
2024-02-20,.54,.54
2024-02-21,.40,.40
2024-02-22,.00,.00
2024-02-23,.00,.00
2024-02-24,.47,.47
2024-02-25,.72,.72
2024-02-26,1.27,1.27
2024-02-27,18.56,18.56
2024-02-28,6.25,6.25
2024-02-29,3.03,3.03
2024-03-01,1.31,1.31
2024-03-02,.23,.23
2024-03-03,.45,.45
2024-03-04,1.61,1.61
2024-03-05,3.03,3.03
2024-03-06,.30,.30
2024-03-07,1.51,1.51
2024-03-08,1.62,1.62
2024-03-09,3.06,3.06
2024-03-10,.38,.38
2024-03-11,.00,.00
2024-03-12,.00,.00
2024-03-13,1.08,1.08
2024-03-14,.81,.81
2024-03-15,.02,.02
2024-03-16,.01,.01
2024-03-17,.97,.97
2024-03-18,1.60,1.60
2024-03-19,.07,.07
2024-03-20,.38,.38
2024-03-21,.10,.10
2024-03-22,.29,.29
2024-03-23,4.20,4.20
2024-03-24,7.04,7.04
2024-03-25,1.63,1.63
2024-03-26,1.18,1.18
2024-03-27,1.99,1.99
2024-03-28,.74,.74
2024-03-29,3.64,3.64
2024-03-30,2.94,2.94
2024-03-31,1.78,1.78
2024-04-01,1.27,1.27
2024-04-02,7.70,7.70
2024-04-03,14.32,14.32
2024-04-04,4.50,4.50
2024-04-05,10.90,10.90
2024-04-06,3.29,3.29
2024-04-07,2.67,2.67
2024-04-08,9.70,9.70
2024-04-09,1.40,1.40
2024-04-10,3.73,3.73
2024-04-11,6.10,6.10
2024-04-12,2.79,2.79
2024-04-13,4.18,4.18
2024-04-14,3.56,3.56
2024-04-15,6.92,6.92
2024-04-16,1.23,1.23
2024-04-17,.97,.97
2024-04-18,3.85,3.85
2024-04-19,1.86,1.86
2024-04-20,9.13,9.13
2024-04-21,14.38,14.38
2024-04-22,3.89,3.89
2024-04-23,5.17,5.17
2024-04-24,9.23,9.23
2024-04-25,30.08,30.08
2024-04-26,8.64,8.64
2024-04-27,4.59,4.59
2024-04-28,5.27,5.27
2024-04-29,3.19,3.19
2024-04-30,4.49,4.49
2024-05-01,3.61,3.61
2024-05-02,5.68,5.68
2024-05-03,17.70,17.70
2024-05-04,15.66,15.66
2024-05-05,15.48,15.48
2024-05-06,10.11,10.11
2024-05-07,5.26,5.26
2024-05-08,2.72,2.72
2024-05-09,.69,.69
2024-05-10,.54,.54
2024-05-11,.63,.63
2024-05-12,.34,.34
2024-05-13,.29,.29
2024-05-14,.17,.17
2024-05-15,.11,.11
2024-05-16,.31,.31
2024-05-17,.59,.59
2024-05-18,.56,.56
2024-05-19,.63,.63
2024-05-20,3.56,3.56
2024-05-21,10.36,10.36
2024-05-22,1.13,1.13
2024-05-23,1.64,1.64
2024-05-24,.83,.83
2024-05-25,.22,.22
2024-05-26,.47,.47
2024-05-27,.19,.19
2024-05-28,.30,.30
2024-05-29,.41,.41
2024-05-30,.62,.62
2024-05-31,.34,.34
2024-06-01,.14,.14
2024-06-02,.07,.07
2024-06-03,.76,.76
2024-06-04,1.22,1.22
2024-06-05,.11,.11
2024-06-06,.24,.24
2024-06-07,.22,.22
2024-06-08,.58,.58
2024-06-09,.67,.67
2024-06-10,.21,.21
2024-06-11,.06,.06
2024-06-12,.27,.27
2024-06-13,.16,.16
2024-06-14,.07,.07
2024-06-15,.04,.04
2024-06-16,.70,.70
2024-06-17,.66,.66
2024-06-18,.88,.88
2024-06-19,6.02,6.02
2024-06-20,1.47,1.47
2024-06-21,.31,.31
2024-06-22,.27,.27
2024-06-23,.07,.07
2024-06-24,.19,.19
2024-06-25,.20,.20
2024-06-26,.06,.06
2024-06-27,.23,.23
2024-06-28,.08,.08
2024-06-29,.07,.07
2024-06-30,.36,.36
2024-07-01,1.14,1.14
2024-07-02,1.19,1.19
2024-07-03,2.09,2.09
2024-07-04,2.08,2.08
2024-07-05,1.33,1.33
2024-07-06,2.52,2.52
2024-07-07,4.99,4.99
2024-07-08,7.13,7.13
2024-07-09,7.54,7.54
2024-07-10,1.62,1.62
2024-07-11,1.03,1.03
2024-07-12,.17,.17
2024-07-13,.15,.15
2024-07-14,1.13,1.13
2024-07-15,.74,.74
2024-07-16,1.81,1.81
2024-07-17,1.09,1.09
2024-07-18,.21,.21
2024-07-19,.38,.38
2024-07-20,1.21,1.21
2024-07-21,2.57,2.57
2024-07-22,1.64,1.64
2024-07-23,1.71,1.71
2024-07-24,.05,.05
2024-07-25,.90,.90
2024-07-26,2.74,2.74
2024-07-27,1.17,1.17
2024-07-28,.81,.81
2024-07-29,4.74,4.74
2024-07-30,2.78,2.78
2024-07-31,1.45,1.45
2024-08-01,.81,.81
2024-08-02,1.41,1.41
2024-08-03,2.72,2.72
2024-08-04,.92,.92
2024-08-05,.85,.85
2024-08-06,2.49,2.49
2024-08-07,.71,.71
2024-08-08,1.40,1.40
2024-08-09,1.29,1.29
2024-08-10,1.06,1.06
2024-08-11,.47,.47
2024-08-12,1.40,1.40
2024-08-13,1.43,1.43
2024-08-14,1.67,1.67
2024-08-15,3.34,3.34
2024-08-16,1.31,1.31
2024-08-17,1.47,1.47
2024-08-18,.40,.40
2024-08-19,.22,.22
2024-08-20,1.74,1.74
2024-08-21,.58,.58
2024-08-22,.00,.00
2024-08-23,2.44,2.44
2024-08-24,.99,.99
2024-08-25,.49,.49
2024-08-26,1.23,1.23
2024-08-27,1.04,1.04
2024-08-28,1.11,1.11
2024-08-29,.31,.31
2024-08-30,.28,.28
2024-08-31,.43,.43
2024-09-01,.20,.20
2024-09-02,.32,.32
2024-09-03,.71,.71
2024-09-04,.65,.65
2024-09-05,.31,.31
2024-09-06,.13,.13
2024-09-07,.17,.17
2024-09-08,.18,.18
2024-09-09,.34,.34
2024-09-10,.36,.36
2024-09-11,.05,.05
2024-09-12,.09,.09
2024-09-13,.10,.10
2024-09-14,.08,.08
2024-09-15,.10,.10
2024-09-16,.14,.14
2024-09-17,.61,.61
2024-09-18,.21,.21
2024-09-19,2.40,2.40
2024-09-20,1.59,1.59
2024-09-21,.49,.49
2024-09-22,.80,.80
2024-09-23,.24,.24
2024-09-24,.12,.12
2024-09-25,.25,.25
2024-09-26,.12,.12
2024-09-27,.58,.58
2024-09-28,.92,.92
2024-09-29,1.99,1.99
2024-09-30,1.22,1.22
2024-10-01,1.66,1.66
2024-10-02,.07,.07
2024-10-03,.00,.00
2024-10-04,.01,.01
2024-10-05,.35,.35
2024-10-06,.21,.21
2024-10-07,.39,.39
2024-10-08,.80,.80
2024-10-09,.59,.59
2024-10-10,.68,.68
2024-10-11,.51,.51
2024-10-12,.41,.41
2024-10-13,.37,.37
2024-10-14,.43,.43
2024-10-15,.89,.89
2024-10-16,1.61,1.61
2024-10-17,2.35,2.35
2024-10-18,2.66,2.66
2024-10-19,1.44,1.44
2024-10-20,.79,.79
2024-10-21,.74,.74
2024-10-22,.18,.18
2024-10-23,.18,.18
2024-10-24,.57,.57
2024-10-25,.16,.16
2024-10-26,.56,.56
2024-10-27,2.90,2.90
2024-10-28,3.25,3.25
2024-10-29,.24,.24
2024-10-30,.06,.06
2024-10-31,.70,.70
2024-11-01,.33,.33
2024-11-02,.42,.42
2024-11-03,.66,.66
2024-11-04,3.01,3.01
2024-11-05,3.24,3.24
2024-11-06,1.60,1.60
2024-11-07,2.05,2.05
2024-11-08,.10,.10
2024-11-09,.21,.21
2024-11-10,10.85,10.85
2024-11-11,4.54,4.54
2024-11-12,3.47,3.47
2024-11-13,5.30,5.30
2024-11-14,5.61,5.61
2024-11-15,3.03,3.03
2024-11-16,.28,.28
2024-11-17,.89,.89
2024-11-18,3.01,3.01
2024-11-19,7.09,7.09
2024-11-20,5.96,5.96
2024-11-21,5.20,5.20
2024-11-22,5.48,5.48
2024-11-23,8.41,8.41
2024-11-24,10.31,10.31
2024-11-25,5.84,5.84
2024-11-26,3.59,3.59
2024-11-27,9.67,9.67
2024-11-28,4.24,4.24
2024-11-29,7.53,7.53
2024-11-30,2.95,2.95
2024-12-01,4.15,4.15
2024-12-02,1.06,1.06
2024-12-03,.55,.55
2024-12-04,.22,.22
2024-12-05,.37,.37
2024-12-06,.32,.32
2024-12-07,.00,.00
2024-12-08,.04,.04
2024-12-09,1.56,1.56
2024-12-10,.34,.34
2024-12-11,.62,.62
2024-12-12,.61,.61
2024-12-13,.34,.34
2024-12-14,.22,.22
2024-12-15,.46,.46
2024-12-16,.10,.10
2024-12-17,.04,.04
2024-12-18,.14,.14
2024-12-19,5.16,5.16
2024-12-20,4.62,4.62
2024-12-21,5.10,5.10
2024-12-22,1.60,1.60
2024-12-23,1.02,1.02
2024-12-24,.82,.82
2024-12-25,.41,.41
2024-12-26,.11,.11
2024-12-27,.23,.23
2024-12-28,.00,.00
2024-12-29,.00,.00
2024-12-30,.00,.00
2024-12-31,.18,.18
2025-01-01,.04,.04
2025-01-02,.08,.08
2025-01-03,.01,.01
2025-01-04,.30,.30
2025-01-05,.01,.01
2025-01-06,.03,.03
2025-01-07,.00,.00
2025-01-08,.04,.04
2025-01-09,.37,.37
2025-01-10,.27,.27
2025-01-11,.19,.19
2025-01-12,.12,.12
2025-01-13,.03,.03
2025-01-14,.05,.05
2025-01-15,.06,.06
2025-01-16,.01,.01
2025-01-17,.16,.16
2025-01-18,.24,.24
2025-01-19,.10,.10
2025-01-20,.10,.10
2025-01-21,.11,.11
2025-01-22,.23,.23
2025-01-23,.16,.16
2025-01-24,.14,.14
2025-01-25,.40,.40
2025-01-26,1.04,1.04
2025-01-27,.73,.73
2025-01-28,1.03,1.03
2025-01-29,1.12,1.12
2025-01-30,.67,.67
2025-01-31,.24,.24
2025-02-01,.79,.79
2025-02-02,.17,.17
2025-02-03,.03,.03
2025-02-04,.07,.07
2025-02-05,.56,.56
2025-02-06,.01,.01
2025-02-07,.11,.11
2025-02-08,.26,.26
2025-02-09,.13,.13
2025-02-10,.33,.33
2025-02-11,.00,.00
2025-02-12,.02,.02
2025-02-13,.00,.00
2025-02-14,.00,.00
2025-02-15,.65,.65
2025-02-16,.28,.28
2025-02-17,.00,.00
2025-02-18,.00,.00
2025-02-19,.00,.00
2025-02-20,.00,.00
2025-02-21,.00,.00
2025-02-22,.00,.00
2025-02-23,.00,.00
2025-02-24,.00,.00
2025-02-25,.00,.00
2025-02-26,.00,.00
2025-02-27,.00,.00
2025-02-28,.00,.00
2025-03-01,.03,.03
2025-03-02,.01,.01
2025-03-03,.01,.01
2025-03-04,.08,.08
2025-03-05,.02,.02
2025-03-06,.00,.00
2025-03-07,.06,.06
2025-03-08,.78,.78
2025-03-09,6.90,6.90
2025-03-10,15.76,15.76
2025-03-11,6.88,6.88
2025-03-12,16.64,16.64
2025-03-13,3.64,3.64
2025-03-14,.11,.11
2025-03-15,.17,.17
2025-03-16,2.16,2.16
2025-03-17,6.34,6.34
2025-03-18,2.00,2.00
2025-03-19,8.70,8.70
2025-03-20,6.09,6.09
2025-03-21,1.95,1.95
2025-03-22,.77,.77
2025-03-23,2.34,2.34
2025-03-24,6.18,6.18
2025-03-25,10.69,10.69
2025-03-26,1.41,1.41
2025-03-27,8.55,8.55
2025-03-28,8.35,8.35
2025-03-29,3.91,3.91
2025-03-30,3.23,3.23
2025-03-31,1.01,1.01
2025-04-01,.52,.52
2025-04-02,1.61,1.61
2025-04-03,6.12,6.12
2025-04-04,5.48,5.48
2025-04-05,9.75,9.75
2025-04-06,3.89,3.89
2025-04-07,.63,.63
2025-04-08,1.42,1.42
2025-04-09,6.62,6.62
2025-04-10,1.78,1.78
2025-04-11,2.98,2.98
2025-04-12,11.93,11.93
2025-04-13,7.19,7.19
2025-04-14,6.13,6.13
2025-04-15,8.80,8.80
2025-04-16,6.27,6.27
2025-04-17,7.89,7.89
2025-04-18,8.07,8.07
2025-04-19,5.88,5.88
2025-04-20,15.19,15.19
2025-04-21,6.03,6.03
2025-04-22,16.22,16.22
2025-04-23,5.61,5.61
2025-04-24,.11,.11
2025-04-25,.06,.06
2025-04-26,.03,.03
2025-04-27,.45,.45
2025-04-28,.29,.29
2025-04-29,4.53,4.53
2025-04-30,4.87,4.87
2025-05-01,.98,.98
2025-05-02,.70,.70
2025-05-03,2.20,2.20
2025-05-04,18.36,18.36
2025-05-05,9.79,9.79
2025-05-06,10.43,10.43
2025-05-07,10.16,10.16
2025-05-08,11.42,11.42
2025-05-09,7.29,7.29
2025-05-10,1.52,1.52
2025-05-11,.94,.94
2025-05-12,3.56,3.56
2025-05-13,3.07,3.07
2025-05-14,1.11,1.11
2025-05-15,.45,.45
2025-05-16,.55,.55
2025-05-17,.40,.40
2025-05-18,.30,.30
2025-05-19,1.36,1.36
2025-05-20,3.70,3.70
2025-05-21,1.93,1.93
2025-05-22,3.27,3.27
2025-05-23,1.11,1.11
2025-05-24,1.86,1.86
2025-05-25,.62,.62
2025-05-26,1.24,1.24
2025-05-27,.51,.51
2025-05-28,.47,.47
2025-05-29,.66,.66
2025-05-30,.90,.90
2025-05-31,.36,.36
2025-06-01,.50,.50
2025-06-02,1.31,1.31
2025-06-03,.79,.79
2025-06-04,.43,.43
2025-06-05,1.26,1.26
2025-06-06,1.25,1.25
2025-06-07,.56,.56
2025-06-08,.32,.32
2025-06-09,1.53,1.53
2025-06-10,.39,.39
2025-06-11,.27,.27
2025-06-12,.15,.15
2025-06-13,.24,.24
2025-06-14,.15,.15
2025-06-15,.08,.08
2025-06-16,.00,.00
2025-06-17,.08,.08
2025-06-18,1.26,1.26
2025-06-19,2.20,2.20
2025-06-20,3.36,3.36
2025-06-21,2.14,2.14
2025-06-22,.92,.92
2025-06-23,.47,.47
2025-06-24,4.97,4.97
2025-06-25,.03,.03
2025-06-26,.33,.33
2025-06-27,.51,.51
2025-06-28,1.62,1.62
2025-06-29,.93,.93
2025-06-30,.29,.29
2025-07-01,.19,.19
2025-07-02,.24,.24
2025-07-03,.68,.68
2025-07-04,1.04,1.04
2025-07-05,.74,.74
2025-07-06,.80,.80
2025-07-07,1.04,1.04
2025-07-08,1.63,1.63
2025-07-09,.64,.64
2025-07-10,1.35,1.35
2025-07-11,.66,.66
2025-07-12,1.55,1.55
2025-07-13,1.18,1.18
2025-07-14,.40,.40
2025-07-15,.41,.41
2025-07-16,.43,.43
2025-07-17,1.34,1.34
2025-07-18,1.96,1.96
2025-07-19,.96,.96
2025-07-20,.25,.25
2025-07-21,.21,.21
2025-07-22,.51,.51
2025-07-23,.21,.21
2025-07-24,.51,.51
2025-07-25,.15,.15
2025-07-26,.33,.33
2025-07-27,.57,.57
2025-07-28,.59,.59
2025-07-29,.78,.78
2025-07-30,.16,.16
2025-07-31,.59,.59
2025-08-01,.25,.25
2025-08-02,.25,.25
2025-08-03,1.75,1.75
2025-08-04,.21,.21
2025-08-05,.18,.18
2025-08-06,.27,.27
2025-08-07,2.19,2.19
2025-08-08,4.00,4.00
2025-08-09,1.32,1.32
2025-08-10,1.29,1.29
2025-08-11,.75,.75
2025-08-12,.75,.75
2025-08-13,.41,.41
2025-08-14,.63,.63
2025-08-15,.97,.97
2025-08-16,1.74,1.74
2025-08-17,3.60,3.60
2025-08-18,3.28,3.28
2025-08-19,.66,.66
2025-08-20,.45,.45
2025-08-21,.15,.15
2025-08-22,.17,.17
2025-08-23,.03,.03
2025-08-24,.31,.31
2025-08-25,1.07,1.07
2025-08-26,1.21,1.21
2025-08-27,.64,.64
2025-08-28,1.44,1.44
2025-08-29,.08,.08
2025-08-30,.21,.21
2025-08-31,.08,.08
2025-09-01,.36,.36
2025-09-02,.96,.96
2025-09-03,.65,.65
2025-09-04,.21,.21
2025-09-05,.86,.86
2025-09-06,1.05,1.05
2025-09-07,.59,.59
2025-09-08,.45,.45
2025-09-09,.49,.49
2025-09-10,.73,.73
2025-09-11,.82,.82
2025-09-12,.81,.81
2025-09-13,1.82,1.82
2025-09-14,1.02,1.02
2025-09-15,.92,.92
2025-09-16,1.21,1.21
2025-09-17,.82,.82
2025-09-18,.31,.31
2025-09-19,.01,.01
2025-09-20,.09,.09
2025-09-21,.11,.11
2025-09-22,.09,.09
2025-09-23,.74,.74
2025-09-24,.72,.72
2025-09-25,.21,.21
2025-09-26,.50,.50
2025-09-27,.97,.97
2025-09-28,.53,.53
2025-09-29,.10,.10
2025-09-30,.18,.18
2025-10-01,.23,.23
2025-10-02,1.76,1.76
2025-10-03,3.30,3.30
2025-10-04,2.07,2.07
2025-10-05,1.14,1.14
2025-10-06,1.66,1.66
2025-10-07,.71,.71
2025-10-08,.22,.22
2025-10-09,.21,.21
2025-10-10,.02,.02
2025-10-11,.02,.02
2025-10-12,.20,.20
2025-10-13,.07,.07
2025-10-14,.03,.03
2025-10-15,.30,.30
2025-10-16,.59,.59
2025-10-17,1.06,1.06
2025-10-18,.38,.38
2025-10-19,.16,.16
2025-10-20,.21,.21
2025-10-21,.77,.77
2025-10-22,.54,.54
2025-10-23,.74,.74
2025-10-24,1.27,1.27
2025-10-25,2.28,2.28
2025-10-26,2.76,2.76
2025-10-27,5.37,5.37
2025-10-28,15.68,15.68
2025-10-29,3.26,3.26
2025-10-30,1.09,1.09
2025-10-31,.71,.71
2025-11-01,.77,.77
2025-11-02,1.30,1.30
2025-11-03,.52,.52
2025-11-04,.14,.14
2025-11-05,.33,.33
2025-11-06,1.57,1.57
2025-11-07,2.02,2.02
2025-11-08,3.51,3.51
2025-11-09,1.55,1.55
2025-11-10,1.03,1.03
2025-11-11,.33,.33
2025-11-12,.77,.77
2025-11-13,1.01,1.01
2025-11-14,1.14,1.14
2025-11-15,.80,.80
2025-11-16,.90,.90
2025-11-17,.99,.99
2025-11-18,1.13,1.13
2025-11-19,.64,.64
2025-11-20,.41,.41
2025-11-21,.71,.71
2025-11-22,.44,.44
2025-11-23,.04,.04
2025-11-24,.80,.80
2025-11-25,.24,.24
2025-11-26,.10,.10
2025-11-27,.50,.50
2025-11-28,.12,.12
2025-11-29,.52,.52
2025-11-30,3.03,3.03
2025-12-01,.80,.80
2025-12-02,.00,.00
2025-12-03,.35,.35
2025-12-04,2.84,2.84
2025-12-05,.06,.06
2025-12-06,.08,.08
2025-12-07,.30,.30
2025-12-08,.65,.65
2025-12-09,.23,.23
2025-12-10,1.02,1.02
2025-12-11,.42,.42
2025-12-12,2.55,2.55
2025-12-13,8.03,8.03
2025-12-14,1.62,1.62
2025-12-15,.69,.69
2025-12-16,.59,.59
2025-12-17,2.95,2.95
2025-12-18,2.92,2.92
2025-12-19,2.71,2.71
2025-12-20,4.30,4.30
2025-12-21,1.97,1.97
2025-12-22,.32,.32
2025-12-23,.69,.69
2025-12-24,.80,.80
2025-12-25,.21,.21
2025-12-26,.23,.23
2025-12-27,4.22,4.22
2025-12-28,5.08,5.08
2025-12-29,3.54,3.54
2025-12-30,4.32,4.32
2025-12-31,1.33,1.33
