time,sm_c4grass
2020-01-01,44.54
2020-01-02,42.61
2020-01-03,41.64
2020-01-04,41.08
2020-01-05,39.96
2020-01-06,39.06
2020-01-07,39.48
2020-01-08,39.79
2020-01-09,38.27
2020-01-10,36.72
2020-01-11,35.51
2020-01-12,34.80
2020-01-13,34.69
2020-01-14,34.05
2020-01-15,32.86
2020-01-16,32.05
2020-01-17,31.42
2020-01-18,30.75
2020-01-19,30.35
2020-01-20,29.75
2020-01-21,29.07
2020-01-22,28.72
2020-01-23,28.67
2020-01-24,28.38
2020-01-25,29.52
2020-01-26,31.81
2020-01-27,32.49
2020-01-28,31.92
2020-01-29,31.28
2020-01-30,30.42
2020-01-31,29.89
2020-02-01,31.24
2020-02-02,32.78
2020-02-03,32.10
2020-02-04,30.71
2020-02-05,29.38
2020-02-06,28.46
2020-02-07,27.58
2020-02-08,26.50
2020-02-09,25.55
2020-02-10,24.76
2020-02-11,24.12
2020-02-12,23.62
2020-02-13,23.29
2020-02-14,23.04
2020-02-15,22.66
2020-02-16,22.22
2020-02-17,21.95
2020-02-18,21.70
2020-02-19,21.36
2020-02-20,21.00
2020-02-21,20.74
2020-02-22,20.58
2020-02-23,20.32
2020-02-24,20.03
2020-02-25,20.11
2020-02-26,23.06
2020-02-27,25.74
2020-02-28,24.40
2020-02-29,23.25
2020-03-01,24.85
2020-03-02,29.15
2020-03-03,32.00
2020-03-04,34.41
2020-03-05,37.33
2020-03-06,37.14
2020-03-07,36.19
2020-03-08,36.51
2020-03-09,39.96
2020-03-10,43.73
2020-03-11,44.14
2020-03-12,42.46
2020-03-13,40.20
2020-03-14,38.54
2020-03-15,37.37
2020-03-16,36.64
2020-03-17,37.16
2020-03-18,38.88
2020-03-19,38.54
2020-03-20,36.41
2020-03-21,34.59
2020-03-22,32.95
2020-03-23,32.31
2020-03-24,32.18
2020-03-25,32.61
2020-03-26,37.67
2020-03-27,43.50
2020-03-28,45.90
2020-03-29,46.53
2020-03-30,44.47
2020-03-31,42.89
2020-04-01,41.10
2020-04-02,39.29
2020-04-03,37.63
2020-04-04,36.23
2020-04-05,34.61
2020-04-06,33.48
2020-04-07,32.98
2020-04-08,32.73
2020-04-09,31.84
2020-04-10,30.81
2020-04-11,30.58
2020-04-12,31.13
2020-04-13,32.55
2020-04-14,35.80
2020-04-15,39.99
2020-04-16,43.13
2020-04-17,45.35
2020-04-18,52.00
2020-04-19,58.98
2020-04-20,61.73
2020-04-21,63.63
2020-04-22,66.08
2020-04-23,67.81
2020-04-24,69.43
2020-04-25,71.67
2020-04-26,70.87
2020-04-27,68.93
2020-04-28,67.59
2020-04-29,67.01
2020-04-30,67.20
2020-05-01,66.80
2020-05-02,64.94
2020-05-03,63.32
2020-05-04,62.03
2020-05-05,60.58
2020-05-06,59.38
2020-05-07,58.10
2020-05-08,56.49
2020-05-09,54.93
2020-05-10,53.70
2020-05-11,52.63
2020-05-12,51.44
2020-05-13,50.19
2020-05-14,49.06
2020-05-15,48.46
2020-05-16,48.38
2020-05-17,47.71
2020-05-18,46.45
2020-05-19,45.24
2020-05-20,44.33
2020-05-21,43.54
2020-05-22,42.84
2020-05-23,42.05
2020-05-24,41.15
2020-05-25,40.24
2020-05-26,39.27
2020-05-27,38.42
2020-05-28,37.78
2020-05-29,37.06
2020-05-30,36.25
2020-05-31,35.54
2020-06-01,34.88
2020-06-02,34.28
2020-06-03,33.76
2020-06-04,33.40
2020-06-05,33.68
2020-06-06,34.49
2020-06-07,34.88
2020-06-08,34.38
2020-06-09,33.79
2020-06-10,33.10
2020-06-11,32.17
2020-06-12,31.52
2020-06-13,31.14
2020-06-14,30.99
2020-06-15,30.93
2020-06-16,30.69
2020-06-17,30.27
2020-06-18,29.83
2020-06-19,29.43
2020-06-20,29.45
2020-06-21,30.21
2020-06-22,30.96
2020-06-23,31.30
2020-06-24,31.09
2020-06-25,30.31
2020-06-26,29.52
2020-06-27,28.89
2020-06-28,28.26
2020-06-29,27.49
2020-06-30,26.67
2020-07-01,25.95
2020-07-02,25.65
2020-07-03,26.60
2020-07-04,28.01
2020-07-05,27.69
2020-07-06,26.98
2020-07-07,26.92
2020-07-08,27.38
2020-07-09,27.74
2020-07-10,27.48
2020-07-11,27.08
2020-07-12,26.46
2020-07-13,26.16
2020-07-14,26.08
2020-07-15,26.47
2020-07-16,27.96
2020-07-17,30.23
2020-07-18,31.43
2020-07-19,30.45
2020-07-20,29.45
2020-07-21,29.59
2020-07-22,30.00
2020-07-23,29.03
2020-07-24,28.29
2020-07-25,28.06
2020-07-26,27.59
2020-07-27,26.79
2020-07-28,26.23
2020-07-29,25.84
2020-07-30,25.74
2020-07-31,25.38
2020-08-01,24.77
2020-08-02,24.05
2020-08-03,23.28
2020-08-04,22.63
2020-08-05,22.32
2020-08-06,22.50
2020-08-07,22.93
2020-08-08,23.30
2020-08-09,23.10
2020-08-10,22.55
2020-08-11,22.28
2020-08-12,22.76
2020-08-13,23.15
2020-08-14,23.66
2020-08-15,24.60
2020-08-16,24.77
2020-08-17,24.12
2020-08-18,23.77
2020-08-19,23.68
2020-08-20,23.38
2020-08-21,22.80
2020-08-22,22.21
2020-08-23,21.70
2020-08-24,21.26
2020-08-25,21.06
2020-08-26,20.83
2020-08-27,20.40
2020-08-28,20.30
2020-08-29,20.37
2020-08-30,20.39
2020-08-31,20.46
2020-09-01,20.23
2020-09-02,19.81
2020-09-03,19.31
2020-09-04,19.16
2020-09-05,19.48
2020-09-06,20.13
2020-09-07,20.61
2020-09-08,20.57
2020-09-09,20.09
2020-09-10,19.49
2020-09-11,18.92
2020-09-12,18.47
2020-09-13,18.09
2020-09-14,17.67
2020-09-15,17.27
2020-09-16,16.96
2020-09-17,16.63
2020-09-18,16.26
2020-09-19,16.17
2020-09-20,16.24
2020-09-21,16.36
2020-09-22,16.33
2020-09-23,16.06
2020-09-24,15.99
2020-09-25,16.20
2020-09-26,16.38
2020-09-27,16.61
2020-09-28,16.60
2020-09-29,16.30
2020-09-30,16.08
2020-10-01,16.10
2020-10-02,15.84
2020-10-03,15.34
2020-10-04,14.96
2020-10-05,14.71
2020-10-06,14.60
2020-10-07,14.50
2020-10-08,14.25
2020-10-09,14.30
2020-10-10,15.49
2020-10-11,16.27
2020-10-12,16.24
2020-10-13,17.54
2020-10-14,18.34
2020-10-15,17.59
2020-10-16,16.68
2020-10-17,16.45
2020-10-18,16.81
2020-10-19,16.87
2020-10-20,16.50
2020-10-21,16.04
2020-10-22,15.52
2020-10-23,15.18
2020-10-24,14.94
2020-10-25,14.97
2020-10-26,14.90
2020-10-27,14.66
2020-10-28,15.29
2020-10-29,16.26
2020-10-30,16.27
2020-10-31,15.75
2020-11-01,15.26
2020-11-02,15.04
2020-11-03,15.20
2020-11-04,15.76
2020-11-05,16.11
2020-11-06,16.28
2020-11-07,16.34
2020-11-08,17.34
2020-11-09,19.71
2020-11-10,22.08
2020-11-11,23.10
2020-11-12,22.29
2020-11-13,21.71
2020-11-14,20.42
2020-11-15,19.38
2020-11-16,20.09
2020-11-17,20.78
2020-11-18,21.01
2020-11-19,21.92
2020-11-20,21.73
2020-11-21,20.42
2020-11-22,19.22
2020-11-23,18.38
2020-11-24,17.83
2020-11-25,17.95
2020-11-26,19.18
2020-11-27,22.18
2020-11-28,25.69
2020-11-29,26.74
2020-11-30,25.25
2020-12-01,25.57
2020-12-02,26.72
2020-12-03,26.08
2020-12-04,24.95
2020-12-05,23.66
2020-12-06,22.39
2020-12-07,21.97
2020-12-08,22.09
2020-12-09,21.80
2020-12-10,21.03
2020-12-11,19.99
2020-12-12,19.21
2020-12-13,18.54
2020-12-14,17.91
2020-12-15,17.40
2020-12-16,17.01
2020-12-17,16.86
2020-12-18,16.90
2020-12-19,17.04
2020-12-20,17.62
2020-12-21,17.96
2020-12-22,17.26
2020-12-23,17.35
2020-12-24,17.66
2020-12-25,16.69
2020-12-26,15.99
2020-12-27,15.46
2020-12-28,14.95
2020-12-29,14.50
2020-12-30,17.50
2020-12-31,22.44
2021-01-01,23.27
2021-01-02,22.01
2021-01-03,21.74
2021-01-04,22.88
2021-01-05,22.07
2021-01-06,20.54
2021-01-07,19.34
2021-01-08,18.44
2021-01-09,18.68
2021-01-10,19.09
2021-01-11,18.65
2021-01-12,18.13
2021-01-13,17.58
2021-01-14,17.11
2021-01-15,16.63
2021-01-16,16.15
2021-01-17,15.76
2021-01-18,15.43
2021-01-19,15.12
2021-01-20,14.81
2021-01-21,14.53
2021-01-22,14.42
2021-01-23,14.24
2021-01-24,13.84
2021-01-25,13.55
2021-01-26,13.29
2021-01-27,13.00
2021-01-28,12.74
2021-01-29,12.53
2021-01-30,12.38
2021-01-31,12.19
2021-02-01,11.97
2021-02-02,11.78
2021-02-03,11.61
2021-02-04,11.46
2021-02-05,11.31
2021-02-06,11.17
2021-02-07,11.25
2021-02-08,11.33
2021-02-09,11.16
2021-02-10,11.13
2021-02-11,11.14
2021-02-12,11.30
2021-02-13,11.78
2021-02-14,12.03
2021-02-15,11.77
2021-02-16,11.54
2021-02-17,11.36
2021-02-18,11.29
2021-02-19,11.22
2021-02-20,11.16
2021-02-21,12.27
2021-02-22,15.45
2021-02-23,17.19
2021-02-24,16.79
2021-02-25,15.92
2021-02-26,14.55
2021-02-27,13.54
2021-02-28,13.23
2021-03-01,13.01
2021-03-02,12.33
2021-03-03,11.86
2021-03-04,11.76
2021-03-05,11.91
2021-03-06,11.89
2021-03-07,11.59
2021-03-08,11.40
2021-03-09,11.29
2021-03-10,11.13
2021-03-11,10.80
2021-03-12,10.38
2021-03-13,10.08
2021-03-14,9.85
2021-03-15,9.79
2021-03-16,9.72
2021-03-17,9.57
2021-03-18,9.51
2021-03-19,9.66
2021-03-20,9.93
2021-03-21,9.90
2021-03-22,9.82
2021-03-23,9.87
2021-03-24,9.82
2021-03-25,9.42
2021-03-26,9.38
2021-03-27,9.88
2021-03-28,10.13
2021-03-29,10.19
2021-03-30,10.35
2021-03-31,10.25
2021-04-01,10.04
2021-04-02,9.92
2021-04-03,10.72
2021-04-04,14.31
2021-04-05,18.37
2021-04-06,19.08
2021-04-07,18.29
2021-04-08,16.99
2021-04-09,15.94
2021-04-10,16.03
2021-04-11,16.90
2021-04-12,18.55
2021-04-13,19.44
2021-04-14,18.93
2021-04-15,18.36
2021-04-16,18.01
2021-04-17,18.67
2021-04-18,20.09
2021-04-19,20.64
2021-04-20,20.06
2021-04-21,21.00
2021-04-22,24.15
2021-04-23,26.30
2021-04-24,25.90
2021-04-25,25.66
2021-04-26,25.52
2021-04-27,25.30
2021-04-28,24.58
2021-04-29,24.05
2021-04-30,23.33
2021-05-01,22.27
2021-05-02,21.96
2021-05-03,23.32
2021-05-04,24.42
2021-05-05,24.35
2021-05-06,24.93
2021-05-07,27.01
2021-05-08,30.44
2021-05-09,33.98
2021-05-10,37.90
2021-05-11,41.80
2021-05-12,42.82
2021-05-13,41.72
2021-05-14,39.71
2021-05-15,37.32
2021-05-16,35.14
2021-05-17,33.30
2021-05-18,31.69
2021-05-19,30.40
2021-05-20,29.31
2021-05-21,28.20
2021-05-22,27.18
2021-05-23,26.30
2021-05-24,25.69
2021-05-25,25.15
2021-05-26,24.61
2021-05-27,23.97
2021-05-28,23.29
2021-05-29,22.72
2021-05-30,22.48
2021-05-31,22.18
2021-06-01,21.57
2021-06-02,21.05
2021-06-03,20.80
2021-06-04,20.93
2021-06-05,20.86
2021-06-06,20.38
2021-06-07,19.85
2021-06-08,19.30
2021-06-09,18.82
2021-06-10,18.37
2021-06-11,17.96
2021-06-12,17.68
2021-06-13,17.43
2021-06-14,17.01
2021-06-15,16.77
2021-06-16,16.64
2021-06-17,16.61
2021-06-18,16.65
2021-06-19,16.51
2021-06-20,16.35
2021-06-21,16.20
2021-06-22,15.98
2021-06-23,15.60
2021-06-24,15.23
2021-06-25,14.96
2021-06-26,15.05
2021-06-27,15.08
2021-06-28,14.63
2021-06-29,14.23
2021-06-30,13.92
2021-07-01,13.85
2021-07-02,13.88
2021-07-03,14.00
2021-07-04,13.99
2021-07-05,13.76
2021-07-06,13.61
2021-07-07,13.77
2021-07-08,14.06
2021-07-09,14.24
2021-07-10,13.99
2021-07-11,13.67
2021-07-12,13.35
2021-07-13,12.98
2021-07-14,13.02
2021-07-15,13.24
2021-07-16,13.17
2021-07-17,13.25
2021-07-18,13.16
2021-07-19,12.73
2021-07-20,12.54
2021-07-21,12.58
2021-07-22,12.34
2021-07-23,12.04
2021-07-24,11.76
2021-07-25,11.44
2021-07-26,11.10
2021-07-27,10.73
2021-07-28,10.47
2021-07-29,10.36
2021-07-30,10.27
2021-07-31,10.06
2021-08-01,9.88
2021-08-02,9.69
2021-08-03,9.59
2021-08-04,9.68
2021-08-05,9.66
2021-08-06,9.56
2021-08-07,9.46
2021-08-08,9.53
2021-08-09,9.74
2021-08-10,9.93
2021-08-11,10.11
2021-08-12,10.07
2021-08-13,10.15
2021-08-14,10.37
2021-08-15,10.41
2021-08-16,10.15
2021-08-17,9.83
2021-08-18,9.53
2021-08-19,9.37
2021-08-20,9.30
2021-08-21,9.26
2021-08-22,9.18
2021-08-23,8.92
2021-08-24,8.62
2021-08-25,8.36
2021-08-26,8.12
2021-08-27,8.02
2021-08-28,7.92
2021-08-29,7.75
2021-08-30,7.83
2021-08-31,8.51
2021-09-01,9.34
2021-09-02,9.56
2021-09-03,9.22
2021-09-04,8.86
2021-09-05,8.79
2021-09-06,8.92
2021-09-07,8.78
2021-09-08,8.58
2021-09-09,8.69
2021-09-10,8.82
2021-09-11,8.60
2021-09-12,8.23
2021-09-13,7.89
2021-09-14,7.90
2021-09-15,8.19
2021-09-16,8.52
2021-09-17,8.96
2021-09-18,9.85
2021-09-19,10.33
2021-09-20,10.22
2021-09-21,10.12
2021-09-22,10.11
2021-09-23,9.96
2021-09-24,9.72
2021-09-25,9.71
2021-09-26,9.60
2021-09-27,9.40
2021-09-28,9.03
2021-09-29,8.76
2021-09-30,8.80
2021-10-01,9.03
2021-10-02,9.21
2021-10-03,9.40
2021-10-04,9.54
2021-10-05,9.56
2021-10-06,9.43
2021-10-07,9.34
2021-10-08,9.18
2021-10-09,9.40
2021-10-10,9.68
2021-10-11,9.80
2021-10-12,9.97
2021-10-13,9.70
2021-10-14,9.27
2021-10-15,8.81
2021-10-16,8.47
2021-10-17,8.46
2021-10-18,8.48
2021-10-19,8.37
2021-10-20,8.19
2021-10-21,7.91
2021-10-22,7.74
2021-10-23,7.61
2021-10-24,7.43
2021-10-25,7.21
2021-10-26,7.01
2021-10-27,6.89
2021-10-28,6.83
2021-10-29,6.81
2021-10-30,6.91
2021-10-31,6.97
2021-11-01,6.93
2021-11-02,7.11
2021-11-03,7.33
2021-11-04,7.37
2021-11-05,7.31
2021-11-06,7.24
2021-11-07,7.27
2021-11-08,7.25
2021-11-09,6.95
2021-11-10,6.77
2021-11-11,6.61
2021-11-12,6.36
2021-11-13,6.24
2021-11-14,6.32
2021-11-15,6.39
2021-11-16,6.25
2021-11-17,6.13
2021-11-18,6.09
2021-11-19,6.13
2021-11-20,6.06
2021-11-21,6.37
2021-11-22,6.44
2021-11-23,6.12
2021-11-24,5.90
2021-11-25,6.42
2021-11-26,8.77
2021-11-27,13.39
2021-11-28,17.11
2021-11-29,19.12
2021-11-30,20.35
2021-12-01,19.36
2021-12-02,18.26
2021-12-03,17.17
2021-12-04,15.97
2021-12-05,14.84
2021-12-06,13.79
2021-12-07,13.08
2021-12-08,12.82
2021-12-09,13.24
2021-12-10,13.26
2021-12-11,12.58
2021-12-12,11.80
2021-12-13,11.55
2021-12-14,11.71
2021-12-15,11.82
2021-12-16,11.90
2021-12-17,11.50
2021-12-18,11.80
2021-12-19,12.37
2021-12-20,14.24
2021-12-21,19.38
2021-12-22,22.69
2021-12-23,22.21
2021-12-24,21.87
2021-12-25,22.99
2021-12-26,23.98
2021-12-27,23.34
2021-12-28,23.45
2021-12-29,23.50
2021-12-30,21.79
2021-12-31,20.18
2022-01-01,18.99
2022-01-02,17.87
2022-01-03,16.78
2022-01-04,16.74
2022-01-05,18.94
2022-01-06,19.90
2022-01-07,18.03
2022-01-08,16.40
2022-01-09,15.24
2022-01-10,14.43
2022-01-11,13.88
2022-01-12,13.46
2022-01-13,13.14
2022-01-14,12.88
2022-01-15,12.67
2022-01-16,12.68
2022-01-17,13.00
2022-01-18,13.67
2022-01-19,14.10
2022-01-20,14.06
2022-01-21,15.44
2022-01-22,16.65
2022-01-23,15.85
2022-01-24,14.75
2022-01-25,13.66
2022-01-26,12.78
2022-01-27,12.18
2022-01-28,11.82
2022-01-29,11.66
2022-01-30,11.61
2022-01-31,11.48
2022-02-01,11.68
2022-02-02,12.38
2022-02-03,12.76
2022-02-04,12.34
2022-02-05,12.66
2022-02-06,13.35
2022-02-07,13.25
2022-02-08,12.93
2022-02-09,12.30
2022-02-10,11.82
2022-02-11,11.46
2022-02-12,11.43
2022-02-13,11.46
2022-02-14,11.51
2022-02-15,11.60
2022-02-16,11.50
2022-02-17,11.65
2022-02-18,12.10
2022-02-19,12.77
2022-02-20,12.96
2022-02-21,12.79
2022-02-22,13.09
2022-02-23,14.59
2022-02-24,17.71
2022-02-25,19.18
2022-02-26,17.71
2022-02-27,16.25
2022-02-28,15.11
2022-03-01,14.24
2022-03-02,13.54
2022-03-03,12.91
2022-03-04,12.36
2022-03-05,11.91
2022-03-06,11.54
2022-03-07,11.28
2022-03-08,11.09
2022-03-09,10.90
2022-03-10,10.69
2022-03-11,10.41
2022-03-12,10.16
2022-03-13,9.94
2022-03-14,9.80
2022-03-15,9.64
2022-03-16,9.50
2022-03-17,9.52
2022-03-18,9.49
2022-03-19,9.24
2022-03-20,9.02
2022-03-21,8.86
2022-03-22,8.79
2022-03-23,8.78
2022-03-24,8.74
2022-03-25,9.08
2022-03-26,9.76
2022-03-27,9.90
2022-03-28,9.48
2022-03-29,9.34
2022-03-30,9.30
2022-03-31,9.13
2022-04-01,9.31
2022-04-02,9.40
2022-04-03,8.86
2022-04-04,8.60
2022-04-05,8.57
2022-04-06,8.58
2022-04-07,8.42
2022-04-08,8.12
2022-04-09,7.84
2022-04-10,7.65
2022-04-11,8.12
2022-04-12,8.93
2022-04-13,9.50
2022-04-14,9.92
2022-04-15,10.51
2022-04-16,14.38
2022-04-17,20.02
2022-04-18,22.12
2022-04-19,21.43
2022-04-20,22.78
2022-04-21,25.47
2022-04-22,26.88
2022-04-23,27.42
2022-04-24,26.43
2022-04-25,25.30
2022-04-26,25.29
2022-04-27,27.72
2022-04-28,31.36
2022-04-29,32.11
2022-04-30,31.01
2022-05-01,33.35
2022-05-02,35.59
2022-05-03,35.70
2022-05-04,35.14
2022-05-05,33.05
2022-05-06,31.20
2022-05-07,29.69
2022-05-08,28.46
2022-05-09,27.46
2022-05-10,26.46
2022-05-11,25.46
2022-05-12,24.45
2022-05-13,23.55
2022-05-14,22.75
2022-05-15,22.02
2022-05-16,21.32
2022-05-17,20.67
2022-05-18,20.23
2022-05-19,19.92
2022-05-20,19.53
2022-05-21,19.04
2022-05-22,18.73
2022-05-23,18.64
2022-05-24,18.65
2022-05-25,18.74
2022-05-26,18.97
2022-05-27,19.52
2022-05-28,19.88
2022-05-29,20.25
2022-05-30,20.39
2022-05-31,19.74
2022-06-01,19.11
2022-06-02,18.56
2022-06-03,17.97
2022-06-04,17.39
2022-06-05,16.95
2022-06-06,16.62
2022-06-07,16.47
2022-06-08,16.39
2022-06-09,16.15
2022-06-10,15.80
2022-06-11,15.46
2022-06-12,15.24
2022-06-13,15.03
2022-06-14,14.80
2022-06-15,14.53
2022-06-16,14.25
2022-06-17,13.88
2022-06-18,13.61
2022-06-19,13.56
2022-06-20,13.51
2022-06-21,13.33
2022-06-22,13.27
2022-06-23,13.49
2022-06-24,13.64
2022-06-25,13.34
2022-06-26,13.05
2022-06-27,12.81
2022-06-28,12.50
2022-06-29,12.25
2022-06-30,11.92
2022-07-01,11.78
2022-07-02,11.76
2022-07-03,11.56
2022-07-04,11.30
2022-07-05,10.98
2022-07-06,10.73
2022-07-07,10.46
2022-07-08,10.18
2022-07-09,9.94
2022-07-10,9.73
2022-07-11,9.61
2022-07-12,9.56
2022-07-13,9.41
2022-07-14,9.19
2022-07-15,9.14
2022-07-16,9.21
2022-07-17,9.27
2022-07-18,9.26
2022-07-19,9.09
2022-07-20,8.92
2022-07-21,8.82
2022-07-22,8.74
2022-07-23,8.68
2022-07-24,8.57
2022-07-25,8.38
2022-07-26,8.17
2022-07-27,7.96
2022-07-28,7.78
2022-07-29,7.81
2022-07-30,8.04
2022-07-31,8.28
2022-08-01,8.92
2022-08-02,9.32
2022-08-03,8.98
2022-08-04,8.67
2022-08-05,8.49
2022-08-06,8.33
2022-08-07,8.11
2022-08-08,7.76
2022-08-09,7.45
2022-08-10,7.24
2022-08-11,7.14
2022-08-12,7.05
2022-08-13,6.90
2022-08-14,7.12
2022-08-15,7.82
2022-08-16,8.43
2022-08-17,8.82
2022-08-18,8.65
2022-08-19,8.21
2022-08-20,8.09
2022-08-21,8.34
2022-08-22,8.37
2022-08-23,8.17
2022-08-24,8.07
2022-08-25,7.96
2022-08-26,7.96
2022-08-27,8.02
2022-08-28,8.20
2022-08-29,8.43
2022-08-30,8.83
2022-08-31,9.32
2022-09-01,9.33
2022-09-02,9.06
2022-09-03,9.06
2022-09-04,9.31
2022-09-05,9.66
2022-09-06,10.28
2022-09-07,11.18
2022-09-08,11.46
2022-09-09,10.92
2022-09-10,10.57
2022-09-11,10.24
2022-09-12,10.10
2022-09-13,10.30
2022-09-14,10.40
2022-09-15,10.15
2022-09-16,9.70
2022-09-17,9.43
2022-09-18,9.21
2022-09-19,8.94
2022-09-20,8.69
2022-09-21,8.40
2022-09-22,8.16
2022-09-23,7.98
2022-09-24,7.81
2022-09-25,7.79
2022-09-26,7.78
2022-09-27,7.52
2022-09-28,7.24
2022-09-29,7.16
2022-09-30,7.39
2022-10-01,7.67
2022-10-02,7.56
2022-10-03,7.64
2022-10-04,8.03
2022-10-05,8.22
2022-10-06,8.19
2022-10-07,8.03
2022-10-08,7.98
2022-10-09,8.19
2022-10-10,8.00
2022-10-11,7.63
2022-10-12,7.33
2022-10-13,7.05
2022-10-14,7.23
2022-10-15,7.73
2022-10-16,8.35
2022-10-17,9.10
2022-10-18,9.11
2022-10-19,8.77
2022-10-20,8.52
2022-10-21,8.38
2022-10-22,8.14
2022-10-23,7.58
2022-10-24,7.09
2022-10-25,6.69
2022-10-26,6.64
2022-10-27,6.81
2022-10-28,6.68
2022-10-29,6.60
2022-10-30,6.54
2022-10-31,7.10
2022-11-01,8.20
2022-11-02,9.10
2022-11-03,9.78
2022-11-04,10.04
2022-11-05,9.82
2022-11-06,9.89
2022-11-07,10.15
2022-11-08,10.17
2022-11-09,10.07
2022-11-10,10.30
2022-11-11,10.93
2022-11-12,11.71
2022-11-13,14.17
2022-11-14,17.50
2022-11-15,19.45
2022-11-16,21.12
2022-11-17,21.31
2022-11-18,19.82
2022-11-19,19.79
2022-11-20,19.78
2022-11-21,19.25
2022-11-22,19.67
2022-11-23,20.15
2022-11-24,19.89
2022-11-25,18.36
2022-11-26,17.01
2022-11-27,17.90
2022-11-28,19.88
2022-11-29,20.00
2022-11-30,19.26
2022-12-01,18.00
2022-12-02,16.61
2022-12-03,15.70
2022-12-04,15.02
2022-12-05,14.50
2022-12-06,14.16
2022-12-07,13.61
2022-12-08,13.42
2022-12-09,14.38
2022-12-10,16.12
2022-12-11,18.14
2022-12-12,19.31
2022-12-13,19.00
2022-12-14,17.89
2022-12-15,16.77
2022-12-16,16.03
2022-12-17,15.35
2022-12-18,14.69
2022-12-19,14.37
2022-12-20,14.27
2022-12-21,14.14
2022-12-22,13.90
2022-12-23,13.63
2022-12-24,13.35
2022-12-25,13.05
2022-12-26,13.17
2022-12-27,13.90
2022-12-28,14.14
2022-12-29,13.59
2022-12-30,12.89
2022-12-31,12.17
2023-01-01,11.71
2023-01-02,11.36
2023-01-03,11.15
2023-01-04,11.88
2023-01-05,12.29
2023-01-06,11.31
2023-01-07,10.57
2023-01-08,10.10
2023-01-09,9.86
2023-01-10,9.70
2023-01-11,9.63
2023-01-12,9.49
2023-01-13,9.19
2023-01-14,8.90
2023-01-15,8.65
2023-01-16,8.43
2023-01-17,8.22
2023-01-18,8.02
2023-01-19,7.85
2023-01-20,7.69
2023-01-21,7.53
2023-01-22,7.74
2023-01-23,7.96
2023-01-24,7.64
2023-01-25,7.33
2023-01-26,7.09
2023-01-27,6.89
2023-01-28,6.72
2023-01-29,6.57
2023-01-30,6.44
2023-01-31,6.32
2023-02-01,6.21
2023-02-02,6.11
2023-02-03,6.02
2023-02-04,5.94
2023-02-05,5.84
2023-02-06,5.73
2023-02-07,5.64
2023-02-08,5.58
2023-02-09,5.53
2023-02-10,5.44
2023-02-11,5.34
2023-02-12,5.25
2023-02-13,5.15
2023-02-14,5.06
2023-02-15,4.98
2023-02-16,4.93
2023-02-17,4.92
2023-02-18,4.84
2023-02-19,4.75
2023-02-20,4.67
2023-02-21,4.59
2023-02-22,4.53
2023-02-23,4.50
2023-02-24,4.43
2023-02-25,4.40
2023-02-26,4.46
2023-02-27,4.56
2023-02-28,4.72
2023-03-01,4.94
2023-03-02,5.18
2023-03-03,5.35
2023-03-04,5.38
2023-03-05,5.18
2023-03-06,4.90
2023-03-07,4.66
2023-03-08,4.47
2023-03-09,4.47
2023-03-10,4.50
2023-03-11,4.55
2023-03-12,4.61
2023-03-13,4.87
2023-03-14,6.55
2023-03-15,11.42
2023-03-16,14.59
2023-03-17,14.22
2023-03-18,13.78
2023-03-19,12.78
2023-03-20,16.27
2023-03-21,21.19
2023-03-22,23.39
2023-03-23,27.57
2023-03-24,30.31
2023-03-25,33.22
2023-03-26,39.44
2023-03-27,40.78
2023-03-28,38.73
2023-03-29,37.18
2023-03-30,34.77
2023-03-31,32.49
2023-04-01,30.65
2023-04-02,30.71
2023-04-03,36.61
2023-04-04,41.49
2023-04-05,40.67
2023-04-06,39.34
2023-04-07,37.32
2023-04-08,35.37
2023-04-09,33.03
2023-04-10,31.23
2023-04-11,30.22
2023-04-12,31.71
2023-04-13,35.71
2023-04-14,37.15
2023-04-15,36.56
2023-04-16,37.34
2023-04-17,38.42
2023-04-18,39.20
2023-04-19,39.30
2023-04-20,37.49
2023-04-21,36.17
2023-04-22,41.81
2023-04-23,48.07
2023-04-24,48.82
2023-04-25,54.30
2023-04-26,59.16
2023-04-27,58.75
2023-04-28,58.71
2023-04-29,59.73
2023-04-30,62.72
2023-05-01,66.37
2023-05-02,67.08
2023-05-03,66.19
2023-05-04,64.31
2023-05-05,61.06
2023-05-06,57.67
2023-05-07,54.48
2023-05-08,51.66
2023-05-09,49.37
2023-05-10,47.29
2023-05-11,45.47
2023-05-12,43.84
2023-05-13,42.25
2023-05-14,40.89
2023-05-15,39.75
2023-05-16,38.83
2023-05-17,38.06
2023-05-18,37.15
2023-05-19,36.34
2023-05-20,35.73
2023-05-21,35.67
2023-05-22,35.57
2023-05-23,35.01
2023-05-24,34.43
2023-05-25,33.83
2023-05-26,33.21
2023-05-27,32.99
2023-05-28,32.84
2023-05-29,31.98
2023-05-30,31.06
2023-05-31,30.38
2023-06-01,29.68
2023-06-02,29.08
2023-06-03,28.58
2023-06-04,28.10
2023-06-05,27.60
2023-06-06,27.17
2023-06-07,26.83
2023-06-08,26.42
2023-06-09,26.05
2023-06-10,25.72
2023-06-11,25.45
2023-06-12,25.19
2023-06-13,25.02
2023-06-14,25.91
2023-06-15,26.75
2023-06-16,26.51
2023-06-17,26.18
2023-06-18,25.59
2023-06-19,25.02
2023-06-20,24.66
2023-06-21,24.36
2023-06-22,24.00
2023-06-23,23.82
2023-06-24,23.69
2023-06-25,23.38
2023-06-26,23.18
2023-06-27,23.25
2023-06-28,23.45
2023-06-29,23.30
2023-06-30,22.95
2023-07-01,22.69
2023-07-02,22.45
2023-07-03,22.06
2023-07-04,21.67
2023-07-05,21.31
2023-07-06,21.08
2023-07-07,20.83
2023-07-08,20.43
2023-07-09,19.99
2023-07-10,19.57
2023-07-11,19.18
2023-07-12,18.86
2023-07-13,18.59
2023-07-14,18.24
2023-07-15,17.89
2023-07-16,17.59
2023-07-17,17.34
2023-07-18,17.02
2023-07-19,16.74
2023-07-20,16.44
2023-07-21,16.16
2023-07-22,15.86
2023-07-23,15.57
2023-07-24,15.42
2023-07-25,15.29
2023-07-26,15.06
2023-07-27,15.00
2023-07-28,14.90
2023-07-29,14.71
2023-07-30,14.59
2023-07-31,14.52
2023-08-01,15.04
2023-08-02,15.40
2023-08-03,15.14
2023-08-04,14.81
2023-08-05,14.51
2023-08-06,14.22
2023-08-07,13.88
2023-08-08,13.56
2023-08-09,13.42
2023-08-10,13.56
2023-08-11,13.74
2023-08-12,13.69
2023-08-13,13.55
2023-08-14,13.29
2023-08-15,12.93
2023-08-16,12.65
2023-08-17,12.61
2023-08-18,12.52
2023-08-19,12.22
2023-08-20,11.91
2023-08-21,11.62
2023-08-22,11.50
2023-08-23,11.36
2023-08-24,11.15
2023-08-25,10.97
2023-08-26,10.74
2023-08-27,10.53
2023-08-28,10.45
2023-08-29,10.40
2023-08-30,10.29
2023-08-31,10.22
2023-09-01,10.13
2023-09-02,10.00
2023-09-03,9.88
2023-09-04,9.75
2023-09-05,9.74
2023-09-06,9.80
2023-09-07,9.95
2023-09-08,10.10
2023-09-09,10.21
2023-09-10,10.58
2023-09-11,11.04
2023-09-12,11.38
2023-09-13,11.79
2023-09-14,11.99
2023-09-15,11.98
2023-09-16,11.69
2023-09-17,11.62
2023-09-18,11.54
2023-09-19,11.58
2023-09-20,11.85
2023-09-21,12.08
2023-09-22,11.97
2023-09-23,11.61
2023-09-24,11.41
2023-09-25,11.45
2023-09-26,11.76
2023-09-27,12.12
2023-09-28,12.02
2023-09-29,11.56
2023-09-30,11.23
2023-10-01,11.33
2023-10-02,11.45
2023-10-03,11.09
2023-10-04,10.69
2023-10-05,10.27
2023-10-06,9.87
2023-10-07,9.55
2023-10-08,9.32
2023-10-09,9.34
2023-10-10,9.49
2023-10-11,9.78
2023-10-12,10.06
2023-10-13,10.49
2023-10-14,10.87
2023-10-15,12.15
2023-10-16,14.69
2023-10-17,16.56
2023-10-18,18.37
2023-10-19,19.04
2023-10-20,18.56
2023-10-21,19.66
2023-10-22,20.25
2023-10-23,18.60
2023-10-24,17.61
2023-10-25,17.40
2023-10-26,17.49
2023-10-27,18.12
2023-10-28,20.29
2023-10-29,24.89
2023-10-30,29.96
2023-10-31,30.91
2023-11-01,30.84
2023-11-02,34.11
2023-11-03,41.22
2023-11-04,46.58
2023-11-05,47.46
2023-11-06,51.31
2023-11-07,55.22
2023-11-08,57.04
2023-11-09,56.32
2023-11-10,54.27
2023-11-11,52.78
2023-11-12,52.32
2023-11-13,55.15
2023-11-14,57.40
2023-11-15,56.66
2023-11-16,55.44
2023-11-17,54.33
2023-11-18,54.17
2023-11-19,55.94
2023-11-20,57.04
2023-11-21,56.00
2023-11-22,55.84
2023-11-23,56.58
2023-11-24,56.88
2023-11-25,57.16
2023-11-26,57.86
2023-11-27,57.58
2023-11-28,57.04
2023-11-29,56.09
2023-11-30,54.65
2023-12-01,52.84
2023-12-02,51.58
2023-12-03,50.64
2023-12-04,48.92
2023-12-05,47.41
2023-12-06,46.11
2023-12-07,44.39
2023-12-08,42.80
2023-12-09,41.35
2023-12-10,40.26
2023-12-11,39.36
2023-12-12,38.52
2023-12-13,38.53
2023-12-14,39.33
2023-12-15,40.35
2023-12-16,40.48
2023-12-17,39.07
2023-12-18,37.62
2023-12-19,36.28
2023-12-20,35.15
2023-12-21,34.33
2023-12-22,35.05
2023-12-23,35.88
2023-12-24,35.26
2023-12-25,34.58
2023-12-26,33.84
2023-12-27,32.86
2023-12-28,33.67
2023-12-29,35.76
2023-12-30,36.63
2023-12-31,36.56
2024-01-01,35.72
2024-01-02,34.81
2024-01-03,33.85
2024-01-04,34.07
2024-01-05,35.95
2024-01-06,36.91
2024-01-07,36.19
2024-01-08,35.03
2024-01-09,33.77
2024-01-10,32.59
2024-01-11,31.51
2024-01-12,30.96
2024-01-13,30.56
2024-01-14,29.95
2024-01-15,29.38
2024-01-16,28.90
2024-01-17,29.12
2024-01-18,29.93
2024-01-19,30.05
2024-01-20,30.05
2024-01-21,29.84
2024-01-22,28.88
2024-01-23,27.77
2024-01-24,26.86
2024-01-25,26.21
2024-01-26,25.84
2024-01-27,25.46
2024-01-28,24.81
2024-01-29,24.26
2024-01-30,24.13
2024-01-31,23.99
2024-02-01,23.84
2024-02-02,24.09
2024-02-03,23.93
2024-02-04,23.34
2024-02-05,22.73
2024-02-06,22.17
2024-02-07,21.69
2024-02-08,21.28
2024-02-09,20.97
2024-02-10,20.92
2024-02-11,20.77
2024-02-12,20.40
2024-02-13,20.08
2024-02-14,19.98
2024-02-15,19.80
2024-02-16,19.43
2024-02-17,19.10
2024-02-18,18.95
2024-02-19,19.14
2024-02-20,19.28
2024-02-21,19.01
2024-02-22,18.55
2024-02-23,18.10
2024-02-24,17.76
2024-02-25,17.50
2024-02-26,17.47
2024-02-27,19.68
2024-02-28,23.30
2024-02-29,24.12
2024-03-01,23.52
2024-03-02,22.36
2024-03-03,21.25
2024-03-04,20.85
2024-03-05,21.49
2024-03-06,21.51
2024-03-07,20.91
2024-03-08,20.88
2024-03-09,21.39
2024-03-10,21.32
2024-03-11,20.22
2024-03-12,19.25
2024-03-13,18.86
2024-03-14,18.88
2024-03-15,18.48
2024-03-16,17.78
2024-03-17,17.58
2024-03-18,17.99
2024-03-19,17.98
2024-03-20,17.53
2024-03-21,17.16
2024-03-22,16.75
2024-03-23,17.38
2024-03-24,19.34
2024-03-25,20.17
2024-03-26,19.44
2024-03-27,19.14
2024-03-28,18.69
2024-03-29,18.37
2024-03-30,19.06
2024-03-31,19.79
2024-04-01,19.65
2024-04-02,20.19
2024-04-03,24.55
2024-04-04,28.88
2024-04-05,31.51
2024-04-06,33.52
2024-04-07,32.34
2024-04-08,34.15
2024-04-09,35.59
2024-04-10,34.26
2024-04-11,35.07
2024-04-12,35.44
2024-04-13,35.20
2024-04-14,35.32
2024-04-15,36.12
2024-04-16,35.90
2024-04-17,33.63
2024-04-18,32.81
2024-04-19,32.62
2024-04-20,33.50
2024-04-21,38.26
2024-04-22,41.30
2024-04-23,40.95
2024-04-24,42.85
2024-04-25,49.79
2024-04-26,57.09
2024-04-27,57.70
2024-04-28,57.05
2024-04-29,55.61
2024-04-30,53.44
2024-05-01,52.06
2024-05-02,51.96
2024-05-03,54.27
2024-05-04,59.26
2024-05-05,62.95
2024-05-06,64.79
2024-05-07,65.38
2024-05-08,64.64
2024-05-09,62.74
2024-05-10,60.03
2024-05-11,57.19
2024-05-12,54.52
2024-05-13,51.94
2024-05-14,49.49
2024-05-15,47.35
2024-05-16,45.63
2024-05-17,44.29
2024-05-18,43.13
2024-05-19,42.05
2024-05-20,42.19
2024-05-21,44.98
2024-05-22,46.84
2024-05-23,46.37
2024-05-24,45.60
2024-05-25,44.38
2024-05-26,43.10
2024-05-27,41.93
2024-05-28,40.71
2024-05-29,39.54
2024-05-30,38.51
2024-05-31,37.55
2024-06-01,36.57
2024-06-02,35.61
2024-06-03,34.87
2024-06-04,34.53
2024-06-05,34.07
2024-06-06,33.33
2024-06-07,32.63
2024-06-08,32.11
2024-06-09,31.71
2024-06-10,31.23
2024-06-11,30.61
2024-06-12,29.98
2024-06-13,29.46
2024-06-14,28.94
2024-06-15,28.38
2024-06-16,28.00
2024-06-17,27.81
2024-06-18,27.79
2024-06-19,28.84
2024-06-20,30.00
2024-06-21,29.57
2024-06-22,28.78
2024-06-23,28.02
2024-06-24,27.32
2024-06-25,26.68
2024-06-26,26.04
2024-06-27,25.45
2024-06-28,24.92
2024-06-29,24.40
2024-06-30,23.94
2024-07-01,23.82
2024-07-02,24.00
2024-07-03,24.06
2024-07-04,24.16
2024-07-05,24.23
2024-07-06,24.07
2024-07-07,24.67
2024-07-08,26.56
2024-07-09,29.14
2024-07-10,30.17
2024-07-11,29.47
2024-07-12,28.49
2024-07-13,27.30
2024-07-14,26.48
2024-07-15,26.05
2024-07-16,25.77
2024-07-17,25.52
2024-07-18,24.93
2024-07-19,24.18
2024-07-20,23.89
2024-07-21,24.20
2024-07-22,24.66
2024-07-23,24.84
2024-07-24,24.39
2024-07-25,23.67
2024-07-26,23.84
2024-07-27,24.11
2024-07-28,23.95
2024-07-29,24.25
2024-07-30,25.22
2024-07-31,25.64
2024-08-01,25.35
2024-08-02,24.90
2024-08-03,24.68
2024-08-04,24.41
2024-08-05,24.03
2024-08-06,24.04
2024-08-07,24.09
2024-08-08,23.89
2024-08-09,23.67
2024-08-10,23.47
2024-08-11,23.17
2024-08-12,22.95
2024-08-13,23.02
2024-08-14,23.11
2024-08-15,23.40
2024-08-16,23.75
2024-08-17,23.72
2024-08-18,23.53
2024-08-19,23.01
2024-08-20,22.70
2024-08-21,22.53
2024-08-22,22.04
2024-08-23,21.68
2024-08-24,21.67
2024-08-25,21.37
2024-08-26,21.13
2024-08-27,21.13
2024-08-28,21.07
2024-08-29,20.72
2024-08-30,20.02
2024-08-31,19.37
2024-09-01,18.84
2024-09-02,18.46
2024-09-03,18.28
2024-09-04,18.22
2024-09-05,17.99
2024-09-06,17.62
2024-09-07,17.25
2024-09-08,16.89
2024-09-09,16.63
2024-09-10,16.47
2024-09-11,16.20
2024-09-12,15.85
2024-09-13,15.55
2024-09-14,15.26
2024-09-15,14.98
2024-09-16,14.75
2024-09-17,14.66
2024-09-18,14.56
2024-09-19,14.67
2024-09-20,15.04
2024-09-21,15.10
2024-09-22,15.04
2024-09-23,14.90
2024-09-24,14.55
2024-09-25,14.23
2024-09-26,13.97
2024-09-27,13.78
2024-09-28,13.79
2024-09-29,14.04
2024-09-30,14.25
2024-10-01,14.38
2024-10-02,14.28
2024-10-03,13.70
2024-10-04,13.16
2024-10-05,12.85
2024-10-06,12.72
2024-10-07,12.60
2024-10-08,12.56
2024-10-09,12.56
2024-10-10,12.51
2024-10-11,12.52
2024-10-12,12.37
2024-10-13,12.15
2024-10-14,12.04
2024-10-15,12.03
2024-10-16,12.16
2024-10-17,12.68
2024-10-18,13.41
2024-10-19,13.81
2024-10-20,13.86
2024-10-21,13.70
2024-10-22,13.42
2024-10-23,12.96
2024-10-24,12.69
2024-10-25,12.49
2024-10-26,12.24
2024-10-27,12.42
2024-10-28,12.86
2024-10-29,12.85
2024-10-30,12.24
2024-10-31,11.93
2024-11-01,11.85
2024-11-02,11.64
2024-11-03,11.40
2024-11-04,11.60
2024-11-05,12.31
2024-11-06,12.62
2024-11-07,12.81
2024-11-08,12.60
2024-11-09,11.94
2024-11-10,14.62
2024-11-11,18.61
2024-11-12,19.81
2024-11-13,21.07
2024-11-14,22.96
2024-11-15,24.35
2024-11-16,23.87
2024-11-17,22.59
2024-11-18,22.65
2024-11-19,24.74
2024-11-20,27.71
2024-11-21,29.94
2024-11-22,31.45
2024-11-23,33.94
2024-11-24,38.05
2024-11-25,40.62
2024-11-26,41.14
2024-11-27,42.60
2024-11-28,45.03
2024-11-29,46.87
2024-11-30,47.98
2024-12-01,47.25
2024-12-02,46.26
2024-12-03,44.12
2024-12-04,41.69
2024-12-05,39.59
2024-12-06,38.00
2024-12-07,36.41
2024-12-08,34.82
2024-12-09,34.15
2024-12-10,33.67
2024-12-11,32.71
2024-12-12,31.98
2024-12-13,31.07
2024-12-14,29.91
2024-12-15,29.05
2024-12-16,28.25
2024-12-17,27.49
2024-12-18,26.89
2024-12-19,27.93
2024-12-20,30.20
2024-12-21,32.04
2024-12-22,32.91
2024-12-23,32.24
2024-12-24,31.42
2024-12-25,30.44
2024-12-26,29.15
2024-12-27,27.80
2024-12-28,26.58
2024-12-29,25.43
2024-12-30,24.51
2024-12-31,23.85
2025-01-01,23.35
2025-01-02,22.82
2025-01-03,22.32
2025-01-04,21.94
2025-01-05,21.56
2025-01-06,21.08
2025-01-07,20.65
2025-01-08,20.26
2025-01-09,19.95
2025-01-10,19.68
2025-01-11,19.38
2025-01-12,19.08
2025-01-13,18.74
2025-01-14,18.38
2025-01-15,18.04
2025-01-16,17.73
2025-01-17,17.44
2025-01-18,17.18
2025-01-19,16.94
2025-01-20,16.72
2025-01-21,16.53
2025-01-22,16.34
2025-01-23,16.16
2025-01-24,15.96
2025-01-25,15.75
2025-01-26,15.66
2025-01-27,15.65
2025-01-28,15.65
2025-01-29,15.64
2025-01-30,15.62
2025-01-31,15.46
2025-02-01,15.39
2025-02-02,15.25
2025-02-03,14.85
2025-02-04,14.45
2025-02-05,14.12
2025-02-06,13.85
2025-02-07,13.60
2025-02-08,13.45
2025-02-09,13.31
2025-02-10,13.10
2025-02-11,12.88
2025-02-12,12.67
2025-02-13,12.48
2025-02-14,12.31
2025-02-15,12.21
2025-02-16,12.12
2025-02-17,11.94
2025-02-18,11.77
2025-02-19,11.63
2025-02-20,11.50
2025-02-21,11.36
2025-02-22,11.22
2025-02-23,11.09
2025-02-24,10.96
2025-02-25,10.84
2025-02-26,10.72
2025-02-27,10.60
2025-02-28,10.48
2025-03-01,10.37
2025-03-02,10.26
2025-03-03,10.16
2025-03-04,10.05
2025-03-05,9.94
2025-03-06,9.83
2025-03-07,9.73
2025-03-08,9.64
2025-03-09,9.75
2025-03-10,12.63
2025-03-11,16.59
2025-03-12,20.63
2025-03-13,23.58
2025-03-14,21.67
2025-03-15,19.42
2025-03-16,18.66
2025-03-17,20.03
2025-03-18,21.20
2025-03-19,23.04
2025-03-20,26.34
2025-03-21,26.91
2025-03-22,25.18
2025-03-23,23.89
2025-03-24,25.04
2025-03-25,29.33
2025-03-26,31.68
2025-03-27,33.11
2025-03-28,37.44
2025-03-29,38.65
2025-03-30,37.82
2025-03-31,36.47
2025-04-01,34.28
2025-04-02,32.58
2025-04-03,33.68
2025-04-04,35.79
2025-04-05,38.13
2025-04-06,40.31
2025-04-07,39.50
2025-04-08,37.19
2025-04-09,36.89
2025-04-10,37.05
2025-04-11,36.38
2025-04-12,38.12
2025-04-13,41.61
2025-04-14,43.28
2025-04-15,44.72
2025-04-16,46.82
2025-04-17,48.78
2025-04-18,50.62
2025-04-19,51.68
2025-04-20,53.37
2025-04-21,55.30
2025-04-22,57.20
2025-04-23,60.33
2025-04-24,58.88
2025-04-25,55.38
2025-04-26,51.63
2025-04-27,48.46
2025-04-28,45.85
2025-04-29,44.76
2025-04-30,45.39
2025-05-01,44.70
2025-05-02,42.75
2025-05-03,41.67
2025-05-04,45.56
2025-05-05,52.61
2025-05-06,55.95
2025-05-07,57.89
2025-05-08,59.22
2025-05-09,60.53
2025-05-10,60.05
2025-05-11,58.03
2025-05-12,56.13
2025-05-13,55.18
2025-05-14,53.99
2025-05-15,51.94
2025-05-16,49.66
2025-05-17,47.57
2025-05-18,45.81
2025-05-19,44.47
2025-05-20,44.00
2025-05-21,43.51
2025-05-22,43.09
2025-05-23,42.62
2025-05-24,41.88
2025-05-25,41.00
2025-05-26,40.20
2025-05-27,39.45
2025-05-28,38.38
2025-05-29,37.45
2025-05-30,36.64
2025-05-31,35.94
2025-06-01,35.22
2025-06-02,34.68
2025-06-03,34.36
2025-06-04,33.96
2025-06-05,33.66
2025-06-06,33.56
2025-06-07,33.33
2025-06-08,32.86
2025-06-09,32.83
2025-06-10,32.71
2025-06-11,32.01
2025-06-12,31.29
2025-06-13,30.56
2025-06-14,29.91
2025-06-15,29.28
2025-06-16,28.62
2025-06-17,28.02
2025-06-18,27.73
2025-06-19,27.98
2025-06-20,28.74
2025-06-21,29.37
2025-06-22,29.36
2025-06-23,28.90
2025-06-24,29.58
2025-06-25,30.37
2025-06-26,29.33
2025-06-27,28.54
2025-06-28,28.27
2025-06-29,28.22
2025-06-30,27.75
2025-07-01,27.06
2025-07-02,26.39
2025-07-03,25.87
2025-07-04,25.62
2025-07-05,25.41
2025-07-06,25.11
2025-07-07,24.85
2025-07-08,24.81
2025-07-09,24.75
2025-07-10,24.68
2025-07-11,24.62
2025-07-12,24.48
2025-07-13,24.41
2025-07-14,24.17
2025-07-15,23.82
2025-07-16,23.54
2025-07-17,23.42
2025-07-18,23.58
2025-07-19,23.70
2025-07-20,23.44
2025-07-21,23.02
2025-07-22,22.69
2025-07-23,22.35
2025-07-24,21.99
2025-07-25,21.69
2025-07-26,21.40
2025-07-27,21.15
2025-07-28,20.94
2025-07-29,20.79
2025-07-30,20.54
2025-07-31,20.16
2025-08-01,19.86
2025-08-02,19.51
2025-08-03,19.57
2025-08-04,19.63
2025-08-05,19.34
2025-08-06,19.10
2025-08-07,19.17
2025-08-08,20.00
2025-08-09,20.59
2025-08-10,20.60
2025-08-11,20.52
2025-08-12,20.31
2025-08-13,20.02
2025-08-14,19.69
2025-08-15,19.49
2025-08-16,19.69
2025-08-17,20.44
2025-08-18,21.34
2025-08-19,21.60
2025-08-20,21.15
2025-08-21,20.58
2025-08-22,19.97
2025-08-23,19.43
2025-08-24,18.97
2025-08-25,18.79
2025-08-26,18.86
2025-08-27,18.79
2025-08-28,18.82
2025-08-29,18.70
2025-08-30,18.18
2025-08-31,17.66
2025-09-01,17.24
2025-09-02,17.19
2025-09-03,17.20
2025-09-04,17.02
2025-09-05,16.86
2025-09-06,16.95
2025-09-07,16.94
2025-09-08,16.77
2025-09-09,16.48
2025-09-10,16.34
2025-09-11,16.34
2025-09-12,16.38
2025-09-13,16.46
2025-09-14,16.67
2025-09-15,16.69
2025-09-16,16.75
2025-09-17,16.77
2025-09-18,16.61
2025-09-19,16.24
2025-09-20,15.80
2025-09-21,15.35
2025-09-22,14.97
2025-09-23,14.64
2025-09-24,14.38
2025-09-25,14.16
2025-09-26,13.98
2025-09-27,14.02
2025-09-28,14.08
2025-09-29,13.90
2025-09-30,13.66
2025-10-01,13.45
2025-10-02,13.54
2025-10-03,14.19
2025-10-04,15.00
2025-10-05,15.27
2025-10-06,15.37
2025-10-07,15.31
2025-10-08,14.93
2025-10-09,14.46
2025-10-10,14.04
2025-10-11,13.69
2025-10-12,13.38
2025-10-13,13.08
2025-10-14,12.77
2025-10-15,12.53
2025-10-16,12.46
2025-10-17,12.63
2025-10-18,12.68
2025-10-19,12.55
2025-10-20,12.37
2025-10-21,12.35
2025-10-22,12.45
2025-10-23,12.51
2025-10-24,12.69
2025-10-25,12.95
2025-10-26,13.22
2025-10-27,13.98
2025-10-28,17.92
2025-10-29,21.82
2025-10-30,21.01
2025-10-31,19.56
2025-11-01,18.48
2025-11-02,17.79
2025-11-03,17.24
2025-11-04,16.64
2025-11-05,16.11
2025-11-06,16.03
2025-11-07,16.18
2025-11-08,16.90
2025-11-09,17.41
2025-11-10,16.94
2025-11-11,16.34
2025-11-12,15.90
2025-11-13,15.76
2025-11-14,15.67
2025-11-15,15.67
2025-11-16,15.46
2025-11-17,15.16
2025-11-18,14.94
2025-11-19,14.84
2025-11-20,14.58
2025-11-21,14.29
2025-11-22,14.00
2025-11-23,13.54
2025-11-24,13.21
2025-11-25,12.99
2025-11-26,12.59
2025-11-27,12.26
2025-11-28,11.94
2025-11-29,11.67
2025-11-30,11.55
2025-12-01,11.67
2025-12-02,11.53
2025-12-03,11.11
2025-12-04,10.97
2025-12-05,10.85
2025-12-06,10.44
2025-12-07,10.15
2025-12-08,10.00
2025-12-09,9.90
2025-12-10,9.83
2025-12-11,9.80
2025-12-12,9.87
2025-12-13,11.48
2025-12-14,13.11
2025-12-15,12.76
2025-12-16,12.15
2025-12-17,12.57
2025-12-18,13.60
2025-12-19,14.18
2025-12-20,15.03
2025-12-21,15.79
2025-12-22,15.36
2025-12-23,14.62
2025-12-24,14.16
2025-12-25,13.59
2025-12-26,12.91
2025-12-27,13.13
2025-12-28,14.56
2025-12-29,16.16
2025-12-30,17.53
2025-12-31,18.12
